"STATION","DATE","LATITUDE","LONGITUDE","ELEVATION","NAME","TEMP","TEMP_ATTRIBUTES","DEWP","DEWP_ATTRIBUTES","SLP","SLP_ATTRIBUTES","STP","STP_ATTRIBUTES","VISIB","VISIB_ATTRIBUTES","WDSP","WDSP_ATTRIBUTES","MXSPD","GUST","MAX","MAX_ATTRIBUTES","MIN","MIN_ATTRIBUTES","PRCP","PRCP_ATTRIBUTES","SNDP","FRSHTT"
"72295023174","2020-01-01","33.93816","-118.3866","29.7","LOS ANGELES INTERNATIONAL AIRPORT, CA US","  60.6","24","  34.9","24","1017.0","24","005.6","24"," 10.0","24","  5.0","24"," 11.1"," 15.0","  73.0"," ","  50.0"," "," 0.00","G","999.9","000000"
"72295023174","2020-01-02","33.93816","-118.3866","29.7","LOS ANGELES INTERNATIONAL AIRPORT, CA US","  57.9","24","  50.0","24","1013.7","23","001.9","24","  9.2","24","  4.8","24","  8.9","999.9","  66.9"," ","  50.0"," "," 0.00","G","999.9","000000"
"72295023174","2020-01-03","33.93816","-118.3866","29.7","LOS ANGELES INTERNATIONAL AIRPORT, CA US","  60.1","24","  47.2","24","1020.4","23","008.7","24","  9.6","24","  3.8","24","  8.0","999.9","  72.0"," ","  52.0"," "," 0.00","G","999.9","000000"
"72295023174","2020-01-04","33.93816","-118.3866","29.7","LOS ANGELES INTERNATIONAL AIRPORT, CA US","  58.9","24","  47.0","24","1025.9","24","014.1","24","  9.7","24","  3.3","24","  8.9","999.9","  72.0"," ","  48.9"," "," 0.00","G","999.9","000000"
"72295023174","2020-01-05","33.93816","-118.3866","29.7","LOS ANGELES INTERNATIONAL AIRPORT, CA US","  57.7","24","  47.6","24","1025.1","24","013.2","24"," 10.0","24","  4.2","24"," 11.1","999.9","  68.0"," ","  48.9"," "," 0.00","G","999.9","000000"
"72295023174","2020-01-06","33.93816","-118.3866","29.7","LOS ANGELES INTERNATIONAL AIRPORT, CA US","  61.4","24","  37.5","24","1024.1","24","012.3","24"," 10.0","24","  3.9","24","  8.0","999.9","  79.0"," ","  46.9"," "," 0.00","G","999.9","000000"
"72295023174","2020-01-07","33.93816","-118.3866","29.7","LOS ANGELES INTERNATIONAL AIRPORT, CA US","  66.1","24","  25.4","24","1021.2","24","009.2","24"," 10.0","24","  7.3","24"," 11.1","999.9","  79.0"," ","  46.9"," "," 0.00","G","999.9","000000"
"72295023174","2020-01-08","33.93816","-118.3866","29.7","LOS ANGELES INTERNATIONAL AIRPORT, CA US","  58.3","24","  47.7","24","1016.0","19","004.3","24","  8.7","24","  5.7","24"," 12.0","999.9","  79.0"," ","  50.0"," "," 0.00","G","999.9","100000"
"72295023174","2020-01-09","33.93816","-118.3866","29.7","LOS ANGELES INTERNATIONAL AIRPORT, CA US","  57.1","24","  45.6","24","1014.7","22","003.0","24"," 10.0","24","  5.6","24"," 15.9","999.9","  64.0"," ","  50.0"," "," 0.00","G","999.9","010000"
"72295023174","2020-01-10","33.93816","-118.3866","29.7","LOS ANGELES INTERNATIONAL AIRPORT, CA US","  56.7","24","  40.2","24","1019.3","24","008.0","24"," 10.0","24","  4.7","24"," 13.0","999.9","  66.0"," ","  46.0"," "," 0.00","G","999.9","000000"
"72295023174","2020-01-11","33.93816","-118.3866","29.7","LOS ANGELES INTERNATIONAL AIRPORT, CA US","  55.9","24","  44.6","24","1022.0","24","010.1","24","  9.9","24","  4.9","24"," 11.1","999.9","  66.0"," ","  46.0"," "," 0.00","G","999.9","000000"
"72295023174","2020-01-12","33.93816","-118.3866","29.7","LOS ANGELES INTERNATIONAL AIRPORT, CA US","  55.9","24","  45.1","24","1018.4","24","006.6","24"," 10.0","24","  4.6","24","  9.9","999.9","  63.0"," ","  48.0"," "," 0.00","G","999.9","000000"
"72295023174","2020-01-13","33.93816","-118.3866","29.7","LOS ANGELES INTERNATIONAL AIRPORT, CA US","  56.2","24","  46.0","24","1018.5","22","006.9","24","  8.6","24","  4.9","24","  9.9","999.9","  63.0"," ","  48.9"," "," 0.00","G","999.9","010000"
"72295023174","2020-01-14","33.93816","-118.3866","29.7","LOS ANGELES INTERNATIONAL AIRPORT, CA US","  55.3","24","  45.9","24","1019.3","24","007.6","24","  9.3","24","  4.4","24","  8.9","999.9","  62.1"," ","  48.0"," "," 0.00","G","999.9","000000"
"72295023174","2020-01-15","33.93816","-118.3866","29.7","LOS ANGELES INTERNATIONAL AIRPORT, CA US","  55.2","24","  45.3","24","1016.9","24","005.2","24","  8.7","24","  4.2","24","  9.9","999.9","  64.0"," ","  46.9"," "," 0.00","G","999.9","000000"
"72295023174","2020-01-16","33.93816","-118.3866","29.7","LOS ANGELES INTERNATIONAL AIRPORT, CA US","  55.9","24","  47.6","24","1016.2","23","004.6","24","  6.1","24","  4.3","24"," 14.0","999.9","  64.0"," ","  46.9"," "," 0.00","G","999.9","000000"
"72295023174","2020-01-17","33.93816","-118.3866","29.7","LOS ANGELES INTERNATIONAL AIRPORT, CA US","  55.0","24","  45.1","24","1021.1","20","009.2","24","  8.7","24","  4.7","24"," 12.0"," 14.0","  62.1"," ","  48.9"," "," 0.33","G","999.9","010000"
"72295023174","2020-01-18","33.93816","-118.3866","29.7","LOS ANGELES INTERNATIONAL AIRPORT, CA US","  57.6","24","  39.1","24","1022.4","24","010.5","24"," 10.0","24","  5.4","24","  8.9","999.9","  71.1"," ","  48.0"," "," 0.07","G","999.9","000000"
"72295023174","2020-01-19","33.93816","-118.3866","29.7","LOS ANGELES INTERNATIONAL AIRPORT, CA US","  61.8","24","  30.9","24","1019.4","24","007.5","24"," 10.0","24","  6.1","24"," 12.0","999.9","  77.0"," ","  48.0"," "," 0.00","G","999.9","000000"
"72295023174","2020-01-20","33.93816","-118.3866","29.7","LOS ANGELES INTERNATIONAL AIRPORT, CA US","  60.6","24","  48.6","24","1017.7","24","006.1","24","  9.7","24","  3.9","24","  8.9","999.9","  77.0"," ","  52.0"," "," 0.00","G","999.9","000000"
"72295023174","2020-01-21","33.93816","-118.3866","29.7","LOS ANGELES INTERNATIONAL AIRPORT, CA US","  59.5","24","  51.0","24","1019.3","24","007.6","24","  9.8","24","  5.8","24"," 13.0","999.9","  62.1"," ","  55.0"," "," 0.05","G","999.9","010000"
"72295023174","2020-01-22","33.93816","-118.3866","29.7","LOS ANGELES INTERNATIONAL AIRPORT, CA US","  57.2","24","  47.9","24","1021.6","24","009.8","24","  9.4","24","  5.5","24"," 14.0","999.9","  64.0"," ","  51.1"," "," 0.03","G","999.9","000000"
"72295023174","2020-01-23","33.93816","-118.3866","29.7","LOS ANGELES INTERNATIONAL AIRPORT, CA US","  59.4","24","  50.1","24","1019.8","24","008.1","24","  9.9","24","  4.1","24"," 12.0","999.9","  69.1"," ","  51.1"," "," 0.00","G","999.9","000000"
"72295023174","2020-01-24","33.93816","-118.3866","29.7","LOS ANGELES INTERNATIONAL AIRPORT, CA US","  60.9","24","  50.5","24","1016.1","24","004.4","24"," 10.0","24","  3.6","24","  9.9","999.9","  72.0"," ","  51.1"," "," 0.00","G","999.9","000000"
"72295023174","2020-01-25","33.93816","-118.3866","29.7","LOS ANGELES INTERNATIONAL AIRPORT, CA US","  57.9","24","  53.0","24","1016.1","19","004.7","20","  3.5","24","  4.7","24"," 11.1","999.9","  72.0"," ","  50.0"," "," 0.00","G","999.9","100000"
"72295023174","2020-01-26","33.93816","-118.3866","29.7","LOS ANGELES INTERNATIONAL AIRPORT, CA US","  58.5","24","  51.8","24","1019.9","19","008.3","24","  3.6","24","  4.0","24"," 11.1","999.9","  64.9"," ","  50.0"," "," 0.00","G","999.9","000000"
"72295023174","2020-01-27","33.93816","-118.3866","29.7","LOS ANGELES INTERNATIONAL AIRPORT, CA US","  57.7","24","  49.9","24","1021.6","22","009.9","24","  7.1","24","  5.7","24"," 11.1","999.9","  68.0"," ","  50.0"," "," 0.00","G","999.9","000000"
"72295023174","2020-01-28","33.93816","-118.3866","29.7","LOS ANGELES INTERNATIONAL AIRPORT, CA US","  64.4","24","  38.0","24","1021.2","24","009.3","24"," 10.0","24","  5.6","24"," 13.0","999.9","  72.0"," ","  50.0"," "," 0.00","G","999.9","000000"
"72295023174","2020-01-29","33.93816","-118.3866","29.7","LOS ANGELES INTERNATIONAL AIRPORT, CA US","  67.3","24","  30.6","24","1016.1","24","004.3","24"," 10.0","24"," 10.6","24"," 18.1"," 34.0","  78.1"," ","  54.0"," "," 0.00","G","999.9","000000"
"72295023174","2020-01-30","33.93816","-118.3866","29.7","LOS ANGELES INTERNATIONAL AIRPORT, CA US","  65.8","24","  26.1","24","1017.8","24","006.4","24"," 10.0","24","  6.1","24"," 17.1","999.9","  78.1"," ","  52.0"," "," 0.00","G","999.9","000000"
"72295023174","2020-01-31","33.93816","-118.3866","29.7","LOS ANGELES INTERNATIONAL AIRPORT, CA US","  63.2","24","  39.1","24","1021.1","24","009.6","24"," 10.0","24","  3.3","24","  9.9","999.9","  81.0"," ","  51.1"," "," 0.00","G","999.9","000000"
"72295023174","2020-02-01","33.93816","-118.3866","29.7","LOS ANGELES INTERNATIONAL AIRPORT, CA US","  67.2","24","  38.5","24","1022.8","24","011.0","24","  9.9","24","  4.5","24"," 11.1","999.9","  81.0"," ","  51.1"," "," 0.00","G","999.9","000000"
"72295023174","2020-02-02","33.93816","-118.3866","29.7","LOS ANGELES INTERNATIONAL AIRPORT, CA US","  62.3","24","  46.7","24","1016.3","22","004.1","24","  9.9","24","  4.3","24"," 12.0","999.9","  81.0"," ","  53.1"," "," 0.00","G","999.9","000000"
"72295023174","2020-02-03","33.93816","-118.3866","29.7","LOS ANGELES INTERNATIONAL AIRPORT, CA US","  57.4","24","  26.2","24","1011.2","21","999.5","24"," 10.0","24"," 13.2","24"," 25.1"," 35.0","  66.9"," ","  50.0"," "," 0.00","G","999.9","000000"
"72295023174","2020-02-04","33.93816","-118.3866","29.7","LOS ANGELES INTERNATIONAL AIRPORT, CA US","  53.5","24","   9.7","24","1017.3","24","005.9","24"," 10.0","24","  7.3","24"," 15.9"," 22.9","  63.0"," ","  44.1"," "," 0.00","G","999.9","000000"
"72295023174","2020-02-05","33.93816","-118.3866","29.7","LOS ANGELES INTERNATIONAL AIRPORT, CA US","  53.5","24","  18.0","23","1021.3","24","009.6","24"," 10.0","24","  5.0","24"," 13.0","999.9","  62.1"," ","  44.1"," "," 0.00","G","999.9","000000"
"72295023174","2020-02-06","33.93816","-118.3866","29.7","LOS ANGELES INTERNATIONAL AIRPORT, CA US","  55.3","24","  33.7","24","1020.8","24","009.0","24"," 10.0","24","  5.0","24"," 11.1","999.9","  64.0"," ","  44.1"," "," 0.00","G","999.9","000000"
"72295023174","2020-02-07","33.93816","-118.3866","29.7","LOS ANGELES INTERNATIONAL AIRPORT, CA US","  56.1","24","  44.4","24","1018.7","24","007.0","24"," 10.0","24","  4.6","24","  9.9","999.9","  64.0"," ","  45.0"," "," 0.00","G","999.9","000000"
"72295023174","2020-02-08","33.93816","-118.3866","29.7","LOS ANGELES INTERNATIONAL AIRPORT, CA US","  57.2","24","  49.5","24","1016.6","20","005.0","24","  8.2","24","  5.0","24","  9.9","999.9","  64.0"," ","  48.0"," "," 0.00","G","999.9","100000"
"72295023174","2020-02-09","33.93816","-118.3866","29.7","LOS ANGELES INTERNATIONAL AIRPORT, CA US","  57.2","24","  48.2","24","1011.3","20","999.7","24","  9.9","24","  8.0","24"," 15.0"," 20.0","  64.0"," ","  50.0"," "," 0.00","G","999.9","010000"
"72295023174","2020-02-10","33.93816","-118.3866","29.7","LOS ANGELES INTERNATIONAL AIRPORT, CA US","  60.6","24","  36.3","24","1009.7","24","998.2","24"," 10.0","24","  6.0","24"," 11.1","999.9","  72.0"," ","  54.0"," "," 0.00","G","999.9","000000"
"72295023174","2020-02-11","33.93816","-118.3866","29.7","LOS ANGELES INTERNATIONAL AIRPORT, CA US","  64.8","24","  27.6","23","1013.5","24","002.1","24"," 10.0","24","  6.5","24"," 15.9"," 17.1","  77.0"," ","  50.0"," "," 0.00","G","999.9","000000"
"72295023174","2020-02-12","33.93816","-118.3866","29.7","LOS ANGELES INTERNATIONAL AIRPORT, CA US","  58.8","24","  41.5","24","1017.7","24","006.3","24"," 10.0","24","  6.5","24"," 14.0","999.9","  73.0"," ","  48.9"," "," 0.00","G","999.9","000000"
"72295023174","2020-02-13","33.93816","-118.3866","29.7","LOS ANGELES INTERNATIONAL AIRPORT, CA US","  57.9","24","  47.9","24","1018.1","24","006.3","24","  8.9","24","  4.1","24"," 12.0","999.9","  66.0"," ","  48.9"," "," 0.00","G","999.9","000000"
"72295023174","2020-02-14","33.93816","-118.3866","29.7","LOS ANGELES INTERNATIONAL AIRPORT, CA US","  57.6","24","  48.4","24","1017.2","22","005.6","24","  9.5","24","  5.8","24"," 12.0","999.9","  66.2","*","  51.1","*"," 0.00","G","999.9","000000"
"72295023174","2020-02-15","33.93816","-118.3866","29.7","LOS ANGELES INTERNATIONAL AIRPORT, CA US","  57.1","24","  48.7","24","1020.1","22","008.6","24","  8.7","24","  5.6","24"," 11.1","999.9","  66.0"," ","  48.0"," "," 0.00","G","999.9","100000"
"72295023174","2020-02-16","33.93816","-118.3866","29.7","LOS ANGELES INTERNATIONAL AIRPORT, CA US","  58.3","24","  50.9","24","1019.9","20","008.2","24","  7.2","24","  5.5","24"," 12.0","999.9","  66.9"," ","  48.0"," "," 0.00","G","999.9","100000"
"72295023174","2020-02-17","33.93816","-118.3866","29.7","LOS ANGELES INTERNATIONAL AIRPORT, CA US","  57.6","24","  50.7","24","1015.1","19","003.3","24","  7.0","24","  4.3","24","  9.9","999.9","  66.9"," ","  50.0"," "," 0.00","G","999.9","100000"
"72295023174","2020-02-18","33.93816","-118.3866","29.7","LOS ANGELES INTERNATIONAL AIRPORT, CA US","  59.9","24","  52.5","24","1014.2","20","002.7","24","  6.2","24","  5.6","24"," 12.0","999.9","  68.0"," ","  50.0"," "," 0.00","G","999.9","100000"
"72295023174","2020-02-19","33.93816","-118.3866","29.7","LOS ANGELES INTERNATIONAL AIRPORT, CA US","  61.6","24","  51.4","24","1016.6","24","004.9","24","  8.9","24","  6.1","24"," 11.1","999.9","  68.0"," ","  55.0"," "," 0.00","G","999.9","000000"
"72295023174","2020-02-20","33.93816","-118.3866","29.7","LOS ANGELES INTERNATIONAL AIRPORT, CA US","  61.1","24","  50.8","24","1017.9","21","006.3","24","  7.6","24","  4.5","24"," 12.0","999.9","  77.0"," ","  53.1"," "," 0.00","G","999.9","100000"
"72295023174","2020-02-21","33.93816","-118.3866","29.7","LOS ANGELES INTERNATIONAL AIRPORT, CA US","  64.1","24","  47.6","24","1016.2","24","004.4","24"," 10.0","24","  5.6","24"," 12.0","999.9","  78.1"," ","  53.1"," "," 0.00","G","999.9","000000"
"72295023174","2020-02-22","33.93816","-118.3866","29.7","LOS ANGELES INTERNATIONAL AIRPORT, CA US","  61.9","24","  50.8","24","1016.2","19","004.5","24","  9.7","24","  6.7","24"," 12.0","999.9","  78.1"," ","  55.9"," "," 0.00","G","999.9","000000"
"72295023174","2020-02-23","33.93816","-118.3866","29.7","LOS ANGELES INTERNATIONAL AIRPORT, CA US","  60.1","24","  48.5","24","1021.8","24","010.4","24"," 10.0","24","  7.0","24"," 12.0","999.9","  66.0"," ","  55.0"," "," 0.00","G","999.9","000000"
"72295023174","2020-02-24","33.93816","-118.3866","29.7","LOS ANGELES INTERNATIONAL AIRPORT, CA US","  58.9","24","  48.6","24","1023.1","24","011.2","24","  9.6","24","  5.5","24"," 12.0","999.9","  66.0"," ","  51.1"," "," 0.00","G","999.9","000000"
"72295023174","2020-02-25","33.93816","-118.3866","29.7","LOS ANGELES INTERNATIONAL AIRPORT, CA US","  62.1","24","  50.0","24","1020.7","24","009.0","24","  9.9","24","  4.9","24"," 11.1","999.9","  79.0"," ","  51.1"," "," 0.00","G","999.9","000000"
"72295023174","2020-02-26","33.93816","-118.3866","29.7","LOS ANGELES INTERNATIONAL AIRPORT, CA US","  68.4","24","  30.2","24","1023.9","24","012.2","24"," 10.0","24","  3.8","24"," 13.0","999.9","  81.0"," ","  51.1"," "," 0.00","G","999.9","000000"
"72295023174","2020-02-27","33.93816","-118.3866","29.7","LOS ANGELES INTERNATIONAL AIRPORT, CA US","  69.6","24","  27.3","24","1021.3","24","009.4","24"," 10.0","24","  4.0","24"," 12.0","999.9","  84.9"," ","  55.0"," "," 0.00","G","999.9","000000"
"72295023174","2020-02-28","33.93816","-118.3866","29.7","LOS ANGELES INTERNATIONAL AIRPORT, CA US","  72.8","24","  32.4","24","1019.2","24","007.4","24"," 10.0","24","  4.4","24","  9.9","999.9","  87.1"," ","  57.9"," "," 0.00","G","999.9","000000"
"72295023174","2020-02-29","33.93816","-118.3866","29.7","LOS ANGELES INTERNATIONAL AIRPORT, CA US","  65.2","24","  49.0","24","1017.8","24","006.1","24"," 10.0","24","  6.3","24"," 14.0","999.9","  87.1"," ","  57.0"," "," 0.00","G","999.9","000000"
"72295023174","2020-03-01","33.93816","-118.3866","29.7","LOS ANGELES INTERNATIONAL AIRPORT, CA US","  59.9","24","  47.8","24","1015.3","22","003.5","24"," 10.0","24","  8.0","24"," 17.1"," 18.1","  72.0"," ","  57.0"," "," 0.00","G","999.9","000000"
"72295023174","2020-03-02","33.93816","-118.3866","29.7","LOS ANGELES INTERNATIONAL AIRPORT, CA US","  58.3","24","  39.2","24","1012.0","24","000.1","24"," 10.0","24","  5.3","24"," 11.1"," 22.9","  75.9"," ","  51.1"," "," 0.00","G","999.9","000000"
"72295023174","2020-03-03","33.93816","-118.3866","29.7","LOS ANGELES INTERNATIONAL AIRPORT, CA US","  69.0","24","  22.1","24","1012.2","24","000.7","24"," 10.0","24","  8.5","24"," 15.9"," 20.0","  80.1"," ","  51.1"," "," 0.00","G","999.9","000000"
"72295023174","2020-03-04","33.93816","-118.3866","29.7","LOS ANGELES INTERNATIONAL AIRPORT, CA US","  62.0","24","  51.3","24","1016.9","23","005.8","24","  8.2","24","  6.6","24"," 14.0"," 20.0","  80.1"," ","  55.0"," "," 0.00","G","999.9","010000"
"72295023174","2020-03-05","33.93816","-118.3866","29.7","LOS ANGELES INTERNATIONAL AIRPORT, CA US","  60.4","24","  51.7","24","1020.3","23","008.6","24","  8.0","24","  5.2","24"," 14.0","999.9","  73.0"," ","  55.0"," "," 0.00","G","999.9","000000"
"72295023174","2020-03-06","33.93816","-118.3866","29.7","LOS ANGELES INTERNATIONAL AIRPORT, CA US","  60.2","24","  53.1","24","1016.6","22","004.9","24","  8.0","24","  5.5","24"," 14.0","999.9","  66.9"," ","  54.0"," "," 0.00","G","999.9","100000"
"72295023174","2020-03-07","33.93816","-118.3866","29.7","LOS ANGELES INTERNATIONAL AIRPORT, CA US","  59.3","24","  48.1","24","1015.7","20","004.1","24"," 10.0","24","  6.8","24"," 13.0","999.9","  66.9"," ","  54.0"," "," 0.00","G","999.9","000000"
"72295023174","2020-03-08","33.93816","-118.3866","29.7","LOS ANGELES INTERNATIONAL AIRPORT, CA US","  58.4","24","  46.9","24","1016.0","21","004.2","24","  9.9","24","  6.5","24"," 13.0","999.9","  64.9"," ","  52.0"," "," 0.01","G","999.9","010000"
"72295023174","2020-03-09","33.93816","-118.3866","29.7","LOS ANGELES INTERNATIONAL AIRPORT, CA US","  60.0","24","  43.1","24","1018.1","24","006.3","24"," 10.0","24","  5.2","24"," 11.1","999.9","  73.0"," ","  51.1"," "," 0.00","G","999.9","000000"
"72295023174","2020-03-10","33.93816","-118.3866","29.7","LOS ANGELES INTERNATIONAL AIRPORT, CA US","  62.9","24","  53.0","24","1016.3","21","004.4","24","  8.2","24","  9.1","24"," 15.0"," 24.1","  73.0"," ","  51.1"," "," 0.11","G","999.9","010000"
"72295023174","2020-03-11","33.93816","-118.3866","29.7","LOS ANGELES INTERNATIONAL AIRPORT, CA US","  64.3","24","  55.7","24","1018.1","18","004.6","23","  9.9","24","  6.5","24"," 12.0","999.9","  70.0"," ","  57.9"," "," 0.06","G","999.9","000000"
"72295023174","2020-03-12","33.93816","-118.3866","29.7","LOS ANGELES INTERNATIONAL AIRPORT, CA US","  60.5","24","  53.7","24","1011.7","21","999.9","24","  8.6","24","  6.7","24"," 19.0","999.9","  70.0"," ","  55.9"," "," 0.00","G","999.9","010000"
"72295023174","2020-03-13","33.93816","-118.3866","29.7","LOS ANGELES INTERNATIONAL AIRPORT, CA US","  56.6","24","  50.4","24","1010.7","19","999.5","24","  7.5","24","  3.8","24","  8.9","999.9","  62.1"," ","  54.0"," "," 1.32","G","999.9","010000"
"72295023174","2020-03-14","33.93816","-118.3866","29.7","LOS ANGELES INTERNATIONAL AIRPORT, CA US","  58.4","24","  51.6","24","1017.2","18","006.2","24","  9.0","24","  4.4","24"," 12.0","999.9","  62.1"," ","  55.0"," "," 0.29","G","999.9","010000"
"72295023174","2020-03-15","33.93816","-118.3866","29.7","LOS ANGELES INTERNATIONAL AIRPORT, CA US","  59.0","24","  48.7","24","1019.8","23","008.0","24","  9.8","24","  4.5","24"," 12.0"," 15.0","  64.9"," ","  54.0"," "," 0.16","G","999.9","010000"
"72295023174","2020-03-16","33.93816","-118.3866","29.7","LOS ANGELES INTERNATIONAL AIRPORT, CA US","  59.1","24","  44.1","24","1017.3","24","005.4","24","  9.4","24","  7.6","24"," 18.1"," 26.0","  64.9"," ","  53.1"," "," 0.08","G","999.9","010000"
"72295023174","2020-03-17","33.93816","-118.3866","29.7","LOS ANGELES INTERNATIONAL AIRPORT, CA US","  54.0","24","  43.2","24","1015.1","20","003.2","24","  9.3","24","  6.2","24"," 15.0"," 21.0","  64.0"," ","  46.9"," "," 0.36","G","999.9","010000"
"72295023174","2020-03-18","33.93816","-118.3866","29.7","LOS ANGELES INTERNATIONAL AIRPORT, CA US","  54.9","24","  39.0","24","1010.9","24","999.0","24"," 10.0","24","  6.1","24"," 20.0","999.9","  64.0"," ","  46.9"," "," 0.05","G","999.9","000000"
"72295023174","2020-03-19","33.93816","-118.3866","29.7","LOS ANGELES INTERNATIONAL AIRPORT, CA US","  57.5","24","  43.2","24","1014.0","24","002.6","24","  9.8","24","  8.9","24"," 25.1"," 32.1","  64.0"," ","  48.0"," "," 0.00","G","999.9","010000"
"72295023174","2020-03-20","33.93816","-118.3866","29.7","LOS ANGELES INTERNATIONAL AIRPORT, CA US","  57.4","24","  46.1","24","1021.6","23","009.8","24"," 10.0","24","  6.3","24"," 13.0","999.9","  66.0"," ","  51.1"," "," 0.02","G","999.9","000000"
"72295023174","2020-03-21","33.93816","-118.3866","29.7","LOS ANGELES INTERNATIONAL AIRPORT, CA US","  60.6","24","  47.5","24","1020.3","24","008.5","24"," 10.0","24","  7.3","24"," 13.0","999.9","  66.0"," ","  51.1"," "," 0.00","G","999.9","000000"
"72295023174","2020-03-22","33.93816","-118.3866","29.7","LOS ANGELES INTERNATIONAL AIRPORT, CA US","  60.1","24","  47.3","24","1019.9","24","008.1","24"," 10.0","24","  5.8","24"," 11.1","999.9","  70.0"," ","  52.0"," "," 0.00","G","999.9","010000"
"72295023174","2020-03-23","33.93816","-118.3866","29.7","LOS ANGELES INTERNATIONAL AIRPORT, CA US","  60.1","24","  51.4","24","1019.4","17","007.0","24","  7.8","24","  9.8","24"," 15.9","999.9","  70.0"," ","  52.0"," "," 1.73","G","999.9","010000"
"72295023174","2020-03-24","33.93816","-118.3866","29.7","LOS ANGELES INTERNATIONAL AIRPORT, CA US","  58.9","24","  48.7","24","1021.3","21","009.7","24","  9.8","24","  7.2","24"," 15.0","999.9","  64.9"," ","  53.1"," "," 0.00","G","999.9","000000"
"72295023174","2020-03-25","33.93816","-118.3866","29.7","LOS ANGELES INTERNATIONAL AIRPORT, CA US","  59.3","24","  45.6","24","1018.8","23","007.0","24"," 10.0","24","  9.7","24"," 18.1"," 22.9","  64.9"," ","  53.1"," "," 0.00","G","999.9","000000"
"72295023174","2020-03-26","33.93816","-118.3866","29.7","LOS ANGELES INTERNATIONAL AIRPORT, CA US","  56.7","24","  37.7","24","1016.0","24","004.2","24"," 10.0","24"," 12.8","24"," 24.1"," 29.9","  63.0"," ","  48.9"," "," 0.00","G","999.9","000000"
"72295023174","2020-03-27","33.93816","-118.3866","29.7","LOS ANGELES INTERNATIONAL AIRPORT, CA US","  57.0","24","  35.1","24","1016.9","24","005.3","24"," 10.0","24"," 11.5","24"," 25.1","999.9","  64.0"," ","  48.9"," "," 0.00","G","999.9","000000"
"72295023174","2020-03-28","33.93816","-118.3866","29.7","LOS ANGELES INTERNATIONAL AIRPORT, CA US","  57.8","24","  44.8","24","1020.9","24","009.2","24"," 10.0","24","  7.4","24"," 20.0","999.9","  64.9"," ","  50.0"," "," 0.00","G","999.9","000000"
"72295023174","2020-03-29","33.93816","-118.3866","29.7","LOS ANGELES INTERNATIONAL AIRPORT, CA US","  58.7","24","  47.4","24","1018.8","24","007.0","24"," 10.0","24","  8.2","24"," 20.0"," 24.1","  66.0"," ","  50.0"," "," 0.00","G","999.9","000000"
"72295023174","2020-03-30","33.93816","-118.3866","29.7","LOS ANGELES INTERNATIONAL AIRPORT, CA US","  60.3","24","  48.0","24","1021.0","24","009.4","24"," 10.0","24","  8.2","24"," 22.9"," 27.0","  70.0"," ","  51.1"," "," 0.00","G","999.9","000000"
"72295023174","2020-03-31","33.93816","-118.3866","29.7","LOS ANGELES INTERNATIONAL AIRPORT, CA US","  61.9","24","  50.0","24","1018.7","24","006.6","24"," 10.0","24","  5.7","24"," 14.0","999.9","  72.0"," ","  52.0"," "," 0.00","G","999.9","000000"
"72295023174","2020-04-01","33.93816","-118.3866","29.7","LOS ANGELES INTERNATIONAL AIRPORT, CA US","  63.1","24","  52.8","24","1011.4","23","999.7","24","  8.8","24","  5.8","24"," 13.0","999.9","  72.0"," ","  55.0"," "," 0.00","G","999.9","110000"
"72295023174","2020-04-02","33.93816","-118.3866","29.7","LOS ANGELES INTERNATIONAL AIRPORT, CA US","  63.0","24","  52.1","24","1012.8","24","001.3","24"," 10.0","24","  6.5","24"," 14.0","999.9","  69.1"," ","  57.0"," "," 0.00","G","999.9","000000"
"72295023174","2020-04-03","33.93816","-118.3866","29.7","LOS ANGELES INTERNATIONAL AIRPORT, CA US","  61.5","24","  50.0","24","1014.4","24","002.6","24","  9.7","24","  6.9","24"," 14.0","999.9","  69.1"," ","  54.0"," "," 0.00","G","999.9","000000"
"72295023174","2020-04-04","33.93816","-118.3866","29.7","LOS ANGELES INTERNATIONAL AIRPORT, CA US","  60.3","24","  49.4","24","1012.4","20","000.8","24","  9.5","24","  5.9","24"," 13.0","999.9","  66.9"," ","  54.0"," "," 0.00","G","999.9","000000"
"72295023174","2020-04-05","33.93816","-118.3866","29.7","LOS ANGELES INTERNATIONAL AIRPORT, CA US","  60.5","24","  49.0","24","1012.0","23","000.4","24"," 10.0","24","  8.2","24"," 14.0"," 18.1","  66.9"," ","  55.0"," "," 0.00","G","999.9","000000"
"72295023174","2020-04-06","33.93816","-118.3866","29.7","LOS ANGELES INTERNATIONAL AIRPORT, CA US","  59.0","24","  50.8","24","1012.2","14","000.0","24","  7.3","24","  8.4","24"," 14.0"," 25.1","  62.1","*","  55.4","*"," 0.41","G","999.9","010000"
"72295023174","2020-04-07","33.93816","-118.3866","29.7","LOS ANGELES INTERNATIONAL AIRPORT, CA US","  59.3","24","  47.5","24","1016.3","24","004.6","24","  9.8","24","  5.6","24"," 14.0","999.9","  66.0","*","  55.4","*"," 0.87","G","999.9","010000"
"72295023174","2020-04-08","33.93816","-118.3866","29.7","LOS ANGELES INTERNATIONAL AIRPORT, CA US","  55.3","24","  46.5","24","1016.0","18","003.9","24","  8.4","24","  7.6","24"," 24.1"," 28.0","  66.0"," ","  51.1"," "," 0.26","G","999.9","010000"
"72295023174","2020-04-09","33.93816","-118.3866","29.7","LOS ANGELES INTERNATIONAL AIRPORT, CA US","  55.0","24","  46.3","24","1018.7","19","007.1","24","  8.9","24","  7.7","24"," 12.0"," 17.1","  62.1"," ","  51.1"," "," 0.02","G","999.9","010000"
"72295023174","2020-04-10","33.93816","-118.3866","29.7","LOS ANGELES INTERNATIONAL AIRPORT, CA US","  55.3","24","  47.1","24","1016.4","21","004.6","24","  9.0","24","  7.6","24"," 15.0","999.9","  66.9"," ","  51.1"," "," 1.05","G","999.9","010000"
"72295023174","2020-04-11","33.93816","-118.3866","29.7","LOS ANGELES INTERNATIONAL AIRPORT, CA US","  59.6","24","  49.1","24","1014.5","24","002.8","24"," 10.0","24","  5.0","24"," 11.1","999.9","  68.0"," ","  51.1"," "," 0.05","G","999.9","010000"
"72295023174","2020-04-12","33.93816","-118.3866","29.7","LOS ANGELES INTERNATIONAL AIRPORT, CA US","  60.3","24","  51.9","24","1016.8","19","005.2","24"," 10.0","24","  5.9","24","  9.9","999.9","  68.0"," ","  51.1"," "," 0.00","G","999.9","000000"
"72295023174","2020-04-13","33.93816","-118.3866","29.7","LOS ANGELES INTERNATIONAL AIRPORT, CA US","  60.6","24","  52.1","24","1019.0","20","007.2","24","  9.1","24","  6.4","24"," 14.0"," 20.0","  64.9"," ","  57.0"," "," 0.02","G","999.9","010000"
"72295023174","2020-04-14","33.93816","-118.3866","29.7","LOS ANGELES INTERNATIONAL AIRPORT, CA US","  60.3","24","  51.3","24","1020.2","22","008.5","24","  9.5","24","  6.7","24"," 15.0","999.9","  66.9"," ","  55.0"," "," 0.00","G","999.9","000000"
"72295023174","2020-04-15","33.93816","-118.3866","29.7","LOS ANGELES INTERNATIONAL AIRPORT, CA US","  65.5","24","  47.2","24","1017.7","24","005.8","24"," 10.0","24","  5.4","24"," 15.0","999.9","  79.0"," ","  55.0"," "," 0.00","G","999.9","000000"
"72295023174","2020-04-16","33.93816","-118.3866","29.7","LOS ANGELES INTERNATIONAL AIRPORT, CA US","  63.6","24","  53.0","24","1013.8","22","002.1","24","  9.0","24","  6.4","24"," 13.0"," 18.1","  79.0"," ","  55.0"," "," 0.00","G","999.9","000000"
"72295023174","2020-04-17","33.93816","-118.3866","29.7","LOS ANGELES INTERNATIONAL AIRPORT, CA US","  60.6","24","  50.6","24","1014.0","19","002.4","24","  9.7","24","  6.1","24"," 13.0","999.9","  70.0"," ","  55.0"," "," 0.00","G","999.9","000000"
"72295023174","2020-04-18","33.93816","-118.3866","29.7","LOS ANGELES INTERNATIONAL AIRPORT, CA US","  62.4","24","  50.8","24","1016.7","23","005.1","24"," 10.0","24","  8.0","24"," 15.9","999.9","  66.9"," ","  57.9"," "," 0.00","G","999.9","000000"
"72295023174","2020-04-19","33.93816","-118.3866","29.7","LOS ANGELES INTERNATIONAL AIRPORT, CA US","  61.7","24","  49.4","24","1017.7","23","006.1","24"," 10.0","24","  9.6","24"," 15.0"," 18.1","  66.9"," ","  59.0"," "," 0.00","G","999.9","000000"
"72295023174","2020-04-20","33.93816","-118.3866","29.7","LOS ANGELES INTERNATIONAL AIRPORT, CA US","  61.9","24","  51.0","24","1017.5","24","005.8","24","  9.5","24","  9.3","24"," 15.0"," 20.0","  66.9"," ","  57.0"," "," 0.00","G","999.9","000000"
"72295023174","2020-04-21","33.93816","-118.3866","29.7","LOS ANGELES INTERNATIONAL AIRPORT, CA US","  62.3","24","  51.5","24","1018.5","23","006.7","24"," 10.0","24","  9.4","24"," 18.1","999.9","  70.0"," ","  57.0"," "," 0.00","G","999.9","000000"
"72295023174","2020-04-22","33.93816","-118.3866","29.7","LOS ANGELES INTERNATIONAL AIRPORT, CA US","  64.5","24","  52.9","24","1018.7","24","007.1","24"," 10.0","24","  6.0","24"," 15.0","999.9","  73.0"," ","  57.0"," "," 0.00","G","999.9","000000"
"72295023174","2020-04-23","33.93816","-118.3866","29.7","LOS ANGELES INTERNATIONAL AIRPORT, CA US","  71.6","24","  53.9","24","1014.9","23","003.2","24"," 10.0","24","  7.2","24"," 14.0","999.9","  86.0"," ","  57.0"," "," 0.00","G","999.9","000000"
"72295023174","2020-04-24","33.93816","-118.3866","29.7","LOS ANGELES INTERNATIONAL AIRPORT, CA US","  71.0","24","  55.6","24","1012.1","24","000.5","24"," 10.0","24","  5.9","24"," 14.0","999.9","  86.0"," ","  61.0"," "," 0.00","G","999.9","000000"
"72295023174","2020-04-25","33.93816","-118.3866","29.7","LOS ANGELES INTERNATIONAL AIRPORT, CA US","  73.3","24","  56.6","24","1012.7","24","001.2","24"," 10.0","24","  6.3","24"," 11.1","999.9","  84.9"," ","  63.0"," "," 0.00","G","999.9","000000"
"72295023174","2020-04-26","33.93816","-118.3866","29.7","LOS ANGELES INTERNATIONAL AIRPORT, CA US","  66.8","24","  57.4","24","1013.4","23","001.9","22","  8.3","24","  5.0","24"," 11.1","999.9","  84.9"," ","  57.9"," "," 0.00","G","999.9","100000"
"72295023174","2020-04-27","33.93816","-118.3866","29.7","LOS ANGELES INTERNATIONAL AIRPORT, CA US","  66.3","24","  57.9","24","1014.1","18","002.5","24","  7.3","24","  5.2","24","  9.9","999.9","  73.9"," ","  57.9"," "," 0.00","G","999.9","100000"
"72295023174","2020-04-28","33.93816","-118.3866","29.7","LOS ANGELES INTERNATIONAL AIRPORT, CA US","  67.6","24","  58.3","24","1014.5","22","002.9","24","  8.7","24","  4.8","24"," 12.0","999.9","  75.0"," ","  61.0"," "," 0.00","G","999.9","100000"
"72295023174","2020-04-29","33.93816","-118.3866","29.7","LOS ANGELES INTERNATIONAL AIRPORT, CA US","  64.9","24","  58.6","24","1015.0","15","003.5","24","  4.9","24","  5.6","24"," 14.0","999.9","  75.0"," ","  62.1"," "," 0.00","G","999.9","100000"
"72295023174","2020-04-30","33.93816","-118.3866","29.7","LOS ANGELES INTERNATIONAL AIRPORT, CA US","  64.6","24","  57.2","24","1014.0","19","002.3","24","  6.8","24","  5.6","24","  9.9","999.9","  71.1"," ","  62.1"," "," 0.00","G","999.9","000000"
"72295023174","2020-05-01","33.93816","-118.3866","29.7","LOS ANGELES INTERNATIONAL AIRPORT, CA US","  65.3","24","  56.7","24","1012.8","23","001.2","24","  7.8","24","  5.1","24"," 11.1"," 18.1","  72.0"," ","  62.1"," "," 0.00","G","999.9","000000"
"72295023174","2020-05-02","33.93816","-118.3866","29.7","LOS ANGELES INTERNATIONAL AIRPORT, CA US","  67.1","24","  55.2","24","1014.6","24","003.0","24","  9.9","24","  5.9","24"," 15.0"," 19.0","  73.0"," ","  61.0"," "," 0.00","G","999.9","000000"
"72295023174","2020-05-03","33.93816","-118.3866","29.7","LOS ANGELES INTERNATIONAL AIRPORT, CA US","  65.8","24","  54.9","24","1016.3","24","004.7","24"," 10.0","24","  5.4","24"," 13.0"," 18.1","  73.0"," ","  59.0"," "," 0.00","G","999.9","000000"
"72295023174","2020-05-04","33.93816","-118.3866","29.7","LOS ANGELES INTERNATIONAL AIRPORT, CA US","  66.4","24","  54.8","24","1015.5","24","003.8","24","  9.4","24","  6.0","24"," 12.0","999.9","  73.9"," ","  59.0"," "," 0.00","G","999.9","000000"
"72295023174","2020-05-05","33.93816","-118.3866","29.7","LOS ANGELES INTERNATIONAL AIRPORT, CA US","  70.3","24","  54.7","24","1013.5","24","001.9","24","  9.8","24","  5.4","24"," 14.0","999.9","  80.1"," ","  59.0"," "," 0.00","G","999.9","000000"
"72295023174","2020-05-06","33.93816","-118.3866","29.7","LOS ANGELES INTERNATIONAL AIRPORT, CA US","  72.5","24","  53.1","24","1012.4","24","000.8","24","  9.8","24","  4.9","24"," 12.0","999.9","  86.0"," ","  62.1"," "," 0.00","G","999.9","100000"
"72295023174","2020-05-07","33.93816","-118.3866","29.7","LOS ANGELES INTERNATIONAL AIRPORT, CA US","  74.1","24","  56.2","24","1010.2","24","998.7","24"," 10.0","24","  4.7","24"," 12.0","999.9","  87.1"," ","  62.1"," "," 0.00","G","999.9","000000"
"72295023174","2020-05-08","33.93816","-118.3866","29.7","LOS ANGELES INTERNATIONAL AIRPORT, CA US","  70.9","24","  59.0","24","1011.0","23","999.7","24","  8.3","24","  4.9","24"," 11.1","999.9","  87.1"," ","  63.0"," "," 0.00","G","999.9","100000"
"72295023174","2020-05-09","33.93816","-118.3866","29.7","LOS ANGELES INTERNATIONAL AIRPORT, CA US","  68.5","24","  59.0","24","1012.8","21","001.3","24","  8.0","24","  5.7","24","  9.9"," 17.1","  77.0"," ","  63.0"," "," 0.00","G","999.9","000000"
"72295023174","2020-05-10","33.93816","-118.3866","29.7","LOS ANGELES INTERNATIONAL AIRPORT, CA US","  65.6","24","  57.4","24","1014.1","20","002.4","24","  8.8","24","  7.3","24"," 15.0"," 20.0","  73.9"," ","  55.9"," "," 0.00","G","999.9","010000"
"72295023174","2020-05-11","33.93816","-118.3866","29.7","LOS ANGELES INTERNATIONAL AIRPORT, CA US","  65.4","24","  54.0","24","1015.2","22","003.6","24","  9.3","24","  8.8","24"," 15.9","999.9","  71.1"," ","  62.1"," "," 0.00","G","999.9","000000"
"72295023174","2020-05-12","33.93816","-118.3866","29.7","LOS ANGELES INTERNATIONAL AIRPORT, CA US","  64.4","24","  52.7","24","1015.4","19","003.8","24","  9.4","24","  8.2","24"," 15.9"," 18.1","  72.0"," ","  59.0"," "," 0.00","G","999.9","000000"
"72295023174","2020-05-13","33.93816","-118.3866","29.7","LOS ANGELES INTERNATIONAL AIRPORT, CA US","  65.2","24","  52.0","24","1015.2","24","003.5","24","  9.4","24","  9.1","24"," 15.9"," 21.0","  72.0"," ","  59.0"," "," 0.00","G","999.9","000000"
"72295023174","2020-05-14","33.93816","-118.3866","29.7","LOS ANGELES INTERNATIONAL AIRPORT, CA US","  65.7","24","  52.7","24","1015.3","24","003.5","24","  9.3","24","  9.3","24"," 20.0"," 26.0","  73.0"," ","  57.9"," "," 0.00","G","999.9","000000"
"72295023174","2020-05-15","33.93816","-118.3866","29.7","LOS ANGELES INTERNATIONAL AIRPORT, CA US","  65.2","24","  55.0","24","1013.3","24","001.5","24","  9.2","24","  7.0","24"," 15.0"," 17.1","  73.0"," ","  57.9"," "," 0.00","G","999.9","000000"
"72295023174","2020-05-16","33.93816","-118.3866","29.7","LOS ANGELES INTERNATIONAL AIRPORT, CA US","  66.2","24","  54.4","24","1011.2","24","999.5","24"," 10.0","24","  5.9","24"," 19.0","999.9","  73.9"," ","  59.0"," "," 0.00","G","999.9","000000"
"72295023174","2020-05-17","33.93816","-118.3866","29.7","LOS ANGELES INTERNATIONAL AIRPORT, CA US","  66.2","24","  56.2","24","1011.3","24","999.9","24"," 10.0","24","  6.6","24"," 14.0"," 22.0","  75.0"," ","  59.0"," "," 0.00","G","999.9","000000"
"72295023174","2020-05-18","33.93816","-118.3866","29.7","LOS ANGELES INTERNATIONAL AIRPORT, CA US","  64.2","24","  58.8","24","1013.5","17","001.8","24","  8.1","24","  9.4","24"," 17.1","999.9","  75.0"," ","  60.1"," "," 0.00","G","999.9","010000"
"72295023174","2020-05-19","33.93816","-118.3866","29.7","LOS ANGELES INTERNATIONAL AIRPORT, CA US","  61.9","24","  50.1","24","1014.6","23","003.1","24","  9.4","24"," 12.5","24"," 22.0"," 25.1","  70.0"," ","  55.9"," "," 0.12","G","999.9","000000"
"72295023174","2020-05-20","33.93816","-118.3866","29.7","LOS ANGELES INTERNATIONAL AIRPORT, CA US","  61.9","24","  51.4","24","1016.9","24","005.2","24","  9.5","24","  9.4","24"," 22.9","999.9","  68.0"," ","  54.0"," "," 0.00","G","999.9","000000"
"72295023174","2020-05-21","33.93816","-118.3866","29.7","LOS ANGELES INTERNATIONAL AIRPORT, CA US","  64.0","24","  51.9","24","1014.1","24","002.2","24"," 10.0","24","  6.4","24"," 15.9","999.9","  73.0"," ","  54.0"," "," 0.00","G","999.9","000000"
"72295023174","2020-05-22","33.93816","-118.3866","29.7","LOS ANGELES INTERNATIONAL AIRPORT, CA US","  65.7","24","  54.2","24","1011.5","22","000.0","24","  9.2","24","  7.6","24"," 15.9"," 18.1","  75.0"," ","  57.0"," "," 0.00","G","999.9","000000"
"72295023174","2020-05-23","33.93816","-118.3866","29.7","LOS ANGELES INTERNATIONAL AIRPORT, CA US","  64.2","24","  53.4","24","1012.3","24","000.7","24"," 10.0","24","  7.5","24"," 14.0","999.9","  75.0"," ","  59.0"," "," 0.00","G","999.9","000000"
"72295023174","2020-05-24","33.93816","-118.3866","29.7","LOS ANGELES INTERNATIONAL AIRPORT, CA US","  63.5","24","  55.0","24","1013.2","24","001.7","24","  9.6","24","  6.3","24"," 17.1","999.9","  70.0"," ","  59.0"," "," 0.00","G","999.9","000000"
"72295023174","2020-05-25","33.93816","-118.3866","29.7","LOS ANGELES INTERNATIONAL AIRPORT, CA US","  63.0","24","  55.8","24","1012.2","24","000.6","24","  8.8","24","  7.0","24"," 13.0","999.9","  70.0"," ","  59.0"," "," 0.00","G","999.9","000000"
"72295023174","2020-05-26","33.93816","-118.3866","29.7","LOS ANGELES INTERNATIONAL AIRPORT, CA US","  63.2","24","  57.1","24","1011.7","15","000.3","24","  6.5","24","  6.3","24"," 14.0","999.9","  69.1","*","  57.2","*"," 0.00","G","999.9","100000"
"72295023174","2020-05-27","33.93816","-118.3866","29.7","LOS ANGELES INTERNATIONAL AIRPORT, CA US","  61.9","24","  56.8","24","1012.5","17","000.9","24","  4.0","24","  5.7","24"," 15.0"," 19.0","  69.1"," ","  57.0"," "," 0.00","G","999.9","100000"
"72295023174","2020-05-28","33.93816","-118.3866","29.7","LOS ANGELES INTERNATIONAL AIRPORT, CA US","  62.1","24","  56.9","24","1013.6","16","002.1","24","  4.8","24","  6.8","24"," 13.0","999.9","  69.1"," ","  57.0"," "," 0.00","G","999.9","000000"
"72295023174","2020-05-29","33.93816","-118.3866","29.7","LOS ANGELES INTERNATIONAL AIRPORT, CA US","  62.2","24","  56.5","24","1014.6","21","003.1","24","  7.3","24","  5.8","24"," 13.0","999.9","  68.0"," ","  59.0"," "," 0.00","G","999.9","100000"
"72295023174","2020-05-30","33.93816","-118.3866","29.7","LOS ANGELES INTERNATIONAL AIRPORT, CA US","  64.3","24","  54.6","24","1015.3","23","003.6","24"," 10.0","24","  8.4","24"," 17.1","999.9","  71.1"," ","  60.1"," "," 0.00","G","999.9","000000"
"72295023174","2020-05-31","33.93816","-118.3866","29.7","LOS ANGELES INTERNATIONAL AIRPORT, CA US","  63.7","24","  55.8","24","1013.5","24","001.7","24"," 10.0","24","  9.9","24"," 18.1","999.9","  71.1"," ","  57.9"," "," 0.00","G","999.9","000000"
"72295023174","2020-06-01","33.93816","-118.3866","29.7","LOS ANGELES INTERNATIONAL AIRPORT, CA US","  64.9","24","  55.4","24","1012.8","24","001.2","24","  9.8","24","  7.6","24"," 17.1"," 22.9","  75.0"," ","  57.9"," "," 0.00","G","999.9","000000"
"72295023174","2020-06-02","33.93816","-118.3866","29.7","LOS ANGELES INTERNATIONAL AIRPORT, CA US","  67.2","24","  55.7","24","1012.6","24","001.0","24","  9.9","24","  7.3","24"," 18.1","999.9","  75.9"," ","  60.1"," "," 0.00","G","999.9","000000"
"72295023174","2020-06-03","33.93816","-118.3866","29.7","LOS ANGELES INTERNATIONAL AIRPORT, CA US","  67.0","24","  56.8","24","1012.9","24","001.2","24","  9.8","24","  7.7","24"," 14.0","999.9","  78.1"," ","  60.1"," "," 0.00","G","999.9","000000"
"72295023174","2020-06-04","33.93816","-118.3866","29.7","LOS ANGELES INTERNATIONAL AIRPORT, CA US","  67.0","24","  58.6","24","1010.6","21","999.1","24","  8.4","24","  7.0","24"," 11.1"," 21.0","  78.1"," ","  61.0"," "," 0.00","G","999.9","000000"
"72295023174","2020-06-05","33.93816","-118.3866","29.7","LOS ANGELES INTERNATIONAL AIRPORT, CA US","  66.5","24","  55.3","24","1010.0","21","998.5","24","  9.5","24","  6.8","24"," 15.0","999.9","  73.9"," ","  62.1"," "," 0.00","G","999.9","000000"
"72295023174","2020-06-06","33.93816","-118.3866","29.7","LOS ANGELES INTERNATIONAL AIRPORT, CA US","  64.9","24","  55.2","24","1012.0","24","000.5","24"," 10.0","24","  8.8","24"," 13.0","999.9","  70.0"," ","  62.1"," "," 0.00","G","999.9","000000"
"72295023174","2020-06-07","33.93816","-118.3866","29.7","LOS ANGELES INTERNATIONAL AIRPORT, CA US","  64.8","24","  53.9","24","1012.9","24","001.3","24"," 10.0","24","  9.3","24"," 22.0","999.9","  72.0"," ","  57.9"," "," 0.00","G","999.9","000000"
"72295023174","2020-06-08","33.93816","-118.3866","29.7","LOS ANGELES INTERNATIONAL AIRPORT, CA US","  71.4","24","  34.1","24","1013.4","24","001.9","24"," 10.0","24"," 12.8","24"," 22.0"," 28.9","  84.0"," ","  57.9"," "," 0.00","G","999.9","000000"
"72295023174","2020-06-09","33.93816","-118.3866","29.7","LOS ANGELES INTERNATIONAL AIRPORT, CA US","  77.9","24","  31.0","24","1015.5","24","003.9","24"," 10.0","24","  7.6","24"," 17.1","999.9","  93.0"," ","  63.0"," "," 0.00","G","999.9","000000"
"72295023174","2020-06-10","33.93816","-118.3866","29.7","LOS ANGELES INTERNATIONAL AIRPORT, CA US","  77.5","24","  37.4","24","1013.6","24","002.1","24","  9.9","24","  6.7","24"," 18.1","999.9","  93.0"," ","  63.0"," "," 0.00","G","999.9","000000"
"72295023174","2020-06-11","33.93816","-118.3866","29.7","LOS ANGELES INTERNATIONAL AIRPORT, CA US","  71.9","24","  55.0","24","1014.0","24","002.5","24"," 10.0","24","  6.0","24"," 14.0","999.9","  89.1"," ","  63.0"," "," 0.00","G","999.9","000000"
"72295023174","2020-06-12","33.93816","-118.3866","29.7","LOS ANGELES INTERNATIONAL AIRPORT, CA US","  65.2","24","  56.5","24","1016.6","22","005.0","24","  9.1","24","  7.5","24"," 15.0"," 19.0","  78.1"," ","  60.1"," "," 0.00","G","999.9","000000"
"72295023174","2020-06-13","33.93816","-118.3866","29.7","LOS ANGELES INTERNATIONAL AIRPORT, CA US","  65.0","24","  55.3","24","1014.6","24","002.9","24"," 10.0","24","  7.6","24"," 17.1","999.9","  73.0"," ","  59.0"," "," 0.00","G","999.9","000000"
"72295023174","2020-06-14","33.93816","-118.3866","29.7","LOS ANGELES INTERNATIONAL AIRPORT, CA US","  65.5","24","  54.3","24","1012.1","24","000.5","24"," 10.0","24","  7.1","24"," 14.0"," 19.0","  73.0"," ","  59.0"," "," 0.00","G","999.9","000000"
"72295023174","2020-06-15","33.93816","-118.3866","29.7","LOS ANGELES INTERNATIONAL AIRPORT, CA US","  66.5","24","  57.3","24","1012.7","24","001.2","24","  9.5","24","  5.9","24"," 13.0","999.9","  73.9"," ","  59.0"," "," 0.00","G","999.9","000000"
"72295023174","2020-06-16","33.93816","-118.3866","29.7","LOS ANGELES INTERNATIONAL AIRPORT, CA US","  65.9","24","  56.4","24","1013.6","24","001.9","24","  9.5","24","  7.0","24"," 13.0","999.9","  73.9"," ","  60.1"," "," 0.00","G","999.9","000000"
"72295023174","2020-06-17","33.93816","-118.3866","29.7","LOS ANGELES INTERNATIONAL AIRPORT, CA US","  66.9","24","  56.4","24","1013.1","20","001.6","24"," 10.0","24","  7.0","24"," 13.0","999.9","  73.9"," ","  63.0"," "," 0.00","G","999.9","000000"
"72295023174","2020-06-18","33.93816","-118.3866","29.7","LOS ANGELES INTERNATIONAL AIRPORT, CA US","  65.1","24","  56.0","24","1013.8","23","002.2","24","  9.7","24","  6.4","24"," 12.0","999.9","  73.9"," ","  62.1"," "," 0.00","G","999.9","000000"
"72295023174","2020-06-19","33.93816","-118.3866","29.7","LOS ANGELES INTERNATIONAL AIRPORT, CA US","  65.6","24","  56.7","24","1013.2","22","001.6","24","  9.5","24","  6.9","24"," 15.0"," 25.1","  71.1"," ","  62.1"," "," 0.00","G","999.9","000000"
"72295023174","2020-06-20","33.93816","-118.3866","29.7","LOS ANGELES INTERNATIONAL AIRPORT, CA US","  64.5","24","  56.3","24","1014.9","23","003.4","24","  9.9","24","  8.3","24"," 15.0","999.9","  71.1"," ","  62.1"," "," 0.00","G","999.9","000000"
"72295023174","2020-06-21","33.93816","-118.3866","29.7","LOS ANGELES INTERNATIONAL AIRPORT, CA US","  65.8","24","  56.8","24","1014.6","21","003.1","24"," 10.0","24","  7.1","24"," 14.0","999.9","  72.0"," ","  62.1"," "," 0.00","G","999.9","000000"
"72295023174","2020-06-22","33.93816","-118.3866","29.7","LOS ANGELES INTERNATIONAL AIRPORT, CA US","  66.4","24","  58.3","24","1014.1","21","002.5","24","  8.8","24","  7.1","24"," 14.0","999.9","  72.0","*","  62.6","*"," 0.00","G","999.9","000000"
"72295023174","2020-06-23","33.93816","-118.3866","29.7","LOS ANGELES INTERNATIONAL AIRPORT, CA US","  65.3","24","  59.1","24","1013.4","20","001.8","24","  8.4","24","  7.1","24"," 15.0","999.9","  73.0"," ","  62.1"," "," 0.00","G","999.9","000000"
"72295023174","2020-06-24","33.93816","-118.3866","29.7","LOS ANGELES INTERNATIONAL AIRPORT, CA US","  64.2","24","  58.4","24","1011.5","19","999.7","24","  7.3","24","  6.8","24"," 13.0","999.9","  71.1"," ","  61.0"," "," 0.00","G","999.9","000000"
"72295023174","2020-06-25","33.93816","-118.3866","29.7","LOS ANGELES INTERNATIONAL AIRPORT, CA US","  65.0","24","  57.7","24","1010.3","22","998.8","24","  9.0","24","  6.5","24"," 13.0","999.9","  72.0"," ","  61.0"," "," 0.00","G","999.9","000000"
"72295023174","2020-06-26","33.93816","-118.3866","29.7","LOS ANGELES INTERNATIONAL AIRPORT, CA US","  64.9","24","  57.6","24","1011.5","21","000.2","24","  8.5","24","  6.9","24"," 13.0","999.9","  72.0"," ","  62.1"," "," 0.00","G","999.9","000000"
"72295023174","2020-06-27","33.93816","-118.3866","29.7","LOS ANGELES INTERNATIONAL AIRPORT, CA US","  64.6","24","  57.9","24","1012.2","22","000.8","24","  9.1","24","  7.0","24"," 12.0"," 15.9","  71.1"," ","  61.0"," "," 0.00","G","999.9","000000"
"72295023174","2020-06-28","33.93816","-118.3866","29.7","LOS ANGELES INTERNATIONAL AIRPORT, CA US","  65.9","24","  58.0","24","1011.1","20","999.3","24"," 10.0","24","  6.6","24"," 11.1","999.9","  71.1"," ","  61.0"," "," 0.00","G","999.9","000000"
"72295023174","2020-06-29","33.93816","-118.3866","29.7","LOS ANGELES INTERNATIONAL AIRPORT, CA US","  65.7","24","  56.6","24","1010.2","22","998.7","24","  9.9","24","  7.4","24"," 13.0"," 22.0","  71.1"," ","  63.0"," "," 0.00","G","999.9","010000"
"72295023174","2020-06-30","33.93816","-118.3866","29.7","LOS ANGELES INTERNATIONAL AIRPORT, CA US","  65.5","24","  55.5","24","1013.0","24","001.5","24","  9.7","24","  7.4","24"," 17.1","999.9","  71.1"," ","  62.1"," "," 0.00","G","999.9","000000"
"72295023174","2020-07-01","33.93816","-118.3866","29.7","LOS ANGELES INTERNATIONAL AIRPORT, CA US","  65.4","24","  57.0","24","1012.1","24","000.5","24","  9.7","24","  5.7","24"," 14.0","999.9","  71.1"," ","  62.1"," "," 0.00","G","999.9","000000"
"72295023174","2020-07-02","33.93816","-118.3866","29.7","LOS ANGELES INTERNATIONAL AIRPORT, CA US","  67.0","24","  56.3","24","1012.6","22","001.0","24","  9.8","24","  6.1","24"," 13.0","999.9","  73.9"," ","  63.0"," "," 0.00","G","999.9","000000"
"72295023174","2020-07-03","33.93816","-118.3866","29.7","LOS ANGELES INTERNATIONAL AIRPORT, CA US","  65.8","24","  57.7","24","1014.8","23","003.2","24","  9.7","24","  8.8","24"," 14.0","999.9","  73.9"," ","  61.0"," "," 0.00","G","999.9","000000"
"72295023174","2020-07-04","33.93816","-118.3866","29.7","LOS ANGELES INTERNATIONAL AIRPORT, CA US","  68.0","24","  59.0","24","1014.8","24","003.1","24"," 10.0","24","  7.0","24"," 15.0","999.9","  75.9"," ","  61.0"," "," 0.00","G","999.9","000000"
"72295023174","2020-07-05","33.93816","-118.3866","29.7","LOS ANGELES INTERNATIONAL AIRPORT, CA US","  69.9","24","  61.2","24","1013.1","23","001.5","24","  7.3","24","  6.2","24"," 13.0","999.9","  80.1"," ","  62.1"," "," 0.00","G","999.9","000000"
"72295023174","2020-07-06","33.93816","-118.3866","29.7","LOS ANGELES INTERNATIONAL AIRPORT, CA US","  69.9","24","  61.8","24","1010.8","20","999.2","24","  8.2","24","  6.4","24"," 12.0","999.9","  80.1"," ","  63.0"," "," 0.00","G","999.9","100000"
"72295023174","2020-07-07","33.93816","-118.3866","29.7","LOS ANGELES INTERNATIONAL AIRPORT, CA US","  70.0","24","  58.6","24","1011.1","24","999.6","24","  8.7","24","  6.2","24"," 12.0","999.9","  78.1"," ","  63.0"," "," 0.00","G","999.9","000000"
"72295023174","2020-07-08","33.93816","-118.3866","29.7","LOS ANGELES INTERNATIONAL AIRPORT, CA US","  68.8","24","  58.3","24","1011.0","22","999.5","24","  9.0","24","  6.0","24"," 12.0","999.9","  75.9"," ","  62.1"," "," 0.00","G","999.9","000000"
"72295023174","2020-07-09","33.93816","-118.3866","29.7","LOS ANGELES INTERNATIONAL AIRPORT, CA US","  68.1","24","  59.4","24","1011.7","23","000.2","24","  9.2","24","  6.4","24"," 13.0"," 15.9","  75.9"," ","  62.1"," "," 0.00","G","999.9","000000"
"72295023174","2020-07-10","33.93816","-118.3866","29.7","LOS ANGELES INTERNATIONAL AIRPORT, CA US","  67.8","24","  60.6","24","1014.0","21","002.4","24","  6.9","24","  6.0","24"," 13.0","999.9","  75.9"," ","  63.0"," "," 0.00","G","999.9","000000"
"72295023174","2020-07-11","33.93816","-118.3866","29.7","LOS ANGELES INTERNATIONAL AIRPORT, CA US","  69.3","24","  61.2","24","1014.7","21","003.1","24","  8.3","24","  7.4","24"," 14.0","999.9","  79.0"," ","  63.0"," "," 0.00","G","999.9","000000"
"72295023174","2020-07-12","33.93816","-118.3866","29.7","LOS ANGELES INTERNATIONAL AIRPORT, CA US","  72.6","24","  62.1","24","1012.8","23","001.1","24"," 10.0","24","  6.2","24"," 13.0","999.9","  81.0"," ","  63.0"," "," 0.00","G","999.9","000000"
"72295023174","2020-07-13","33.93816","-118.3866","29.7","LOS ANGELES INTERNATIONAL AIRPORT, CA US","  71.4","24","  62.7","24","1011.4","21","000.0","24","  8.6","24","  6.6","24"," 13.0","999.9","  81.0"," ","  66.0"," "," 0.00","G","999.9","000000"
"72295023174","2020-07-14","33.93816","-118.3866","29.7","LOS ANGELES INTERNATIONAL AIRPORT, CA US","  68.9","24","  60.2","24","1013.6","22","002.1","24","  9.3","24","  7.5","24"," 13.0","999.9","  78.1"," ","  64.0"," "," 0.00","G","999.9","000000"
"72295023174","2020-07-15","33.93816","-118.3866","29.7","LOS ANGELES INTERNATIONAL AIRPORT, CA US","  67.3","24","  57.8","24","1013.9","24","002.3","24","  9.5","24","  7.3","24"," 15.0","999.9","  75.0"," ","  63.0"," "," 0.00","G","999.9","000000"
"72295023174","2020-07-16","33.93816","-118.3866","29.7","LOS ANGELES INTERNATIONAL AIRPORT, CA US","  66.2","24","  57.4","24","1012.9","21","001.3","24","  9.5","24","  8.2","24"," 14.0","999.9","  72.0"," ","  62.1"," "," 0.00","G","999.9","000000"
"72295023174","2020-07-17","33.93816","-118.3866","29.7","LOS ANGELES INTERNATIONAL AIRPORT, CA US","  67.5","24","  58.2","24","1014.2","23","002.7","24","  9.7","24","  8.0","24"," 14.0","999.9","  73.9"," ","  62.1"," "," 0.00","G","999.9","000000"
"72295023174","2020-07-18","33.93816","-118.3866","29.7","LOS ANGELES INTERNATIONAL AIRPORT, CA US","  66.6","24","  58.3","24","1014.9","24","003.3","24"," 10.0","24","  9.2","24"," 17.1","999.9","  73.9"," ","  62.1"," "," 0.00","G","999.9","000000"
"72295023174","2020-07-19","33.93816","-118.3866","29.7","LOS ANGELES INTERNATIONAL AIRPORT, CA US","  65.0","24","  58.3","24","1014.3","23","002.6","24","  9.8","24","  9.2","24"," 18.1"," 24.1","  72.0"," ","  61.0"," "," 0.00","G","999.9","000000"
"72295023174","2020-07-20","33.93816","-118.3866","29.7","LOS ANGELES INTERNATIONAL AIRPORT, CA US","  64.9","24","  57.6","24","1013.6","23","002.0","24","  9.6","24","  7.9","24"," 17.1"," 19.0","  71.1"," ","  60.1"," "," 0.00","G","999.9","000000"
"72295023174","2020-07-21","33.93816","-118.3866","29.7","LOS ANGELES INTERNATIONAL AIRPORT, CA US","  65.7","24","  57.9","24","1011.3","23","999.7","24","  9.5","24","  6.5","24"," 13.0","999.9","  73.0"," ","  60.1"," "," 0.00","G","999.9","000000"
"72295023174","2020-07-22","33.93816","-118.3866","29.7","LOS ANGELES INTERNATIONAL AIRPORT, CA US","  63.1","24","  57.2","24","1011.2","12","999.8","24","  5.7","24","  7.4","24"," 13.0","999.9","  73.0"," ","  59.0"," "," 0.00","G","999.9","100000"
"72295023174","2020-07-23","33.93816","-118.3866","29.7","LOS ANGELES INTERNATIONAL AIRPORT, CA US","  64.9","24","  55.5","24","1012.6","22","001.0","24","  9.4","24","  6.4","24"," 14.0","999.9","  73.0"," ","  59.0"," "," 0.00","G","999.9","000000"
"72295023174","2020-07-24","33.93816","-118.3866","29.7","LOS ANGELES INTERNATIONAL AIRPORT, CA US","  65.7","24","  56.5","24","1012.7","24","001.1","24","  9.1","24","  7.0","24"," 14.0","999.9","  73.0"," ","  60.1"," "," 0.00","G","999.9","000000"
"72295023174","2020-07-25","33.93816","-118.3866","29.7","LOS ANGELES INTERNATIONAL AIRPORT, CA US","  65.8","24","  57.7","24","1013.1","21","001.6","24","  9.2","24","  6.6","24"," 14.0","999.9","  73.0"," ","  61.0"," "," 0.00","G","999.9","000000"
"72295023174","2020-07-26","33.93816","-118.3866","29.7","LOS ANGELES INTERNATIONAL AIRPORT, CA US","  63.7","24","  57.8","24","1013.3","19","001.8","24","  7.7","24","  8.2","24"," 15.9","999.9","  72.0"," ","  60.1"," "," 0.00","G","999.9","000000"
"72295023174","2020-07-27","33.93816","-118.3866","29.7","LOS ANGELES INTERNATIONAL AIRPORT, CA US","  63.6","24","  57.2","24","1013.0","21","001.4","24","  8.4","24","  8.0","24"," 15.9"," 18.1","  69.1"," ","  60.1"," "," 0.00","G","999.9","000000"
"72295023174","2020-07-28","33.93816","-118.3866","29.7","LOS ANGELES INTERNATIONAL AIRPORT, CA US","  63.2","24","  57.0","24","1012.3","20","000.7","24","  8.8","24","  7.6","24"," 14.0","999.9","  70.0"," ","  60.1"," "," 0.00","G","999.9","000000"
"72295023174","2020-07-29","33.93816","-118.3866","29.7","LOS ANGELES INTERNATIONAL AIRPORT, CA US","  64.4","24","  57.6","24","1012.2","18","000.7","24","  8.8","24","  7.3","24"," 15.0","999.9","  70.0"," ","  60.1"," "," 0.00","G","999.9","000000"
"72295023174","2020-07-30","33.93816","-118.3866","29.7","LOS ANGELES INTERNATIONAL AIRPORT, CA US","  62.3","24","  57.4","24","1013.5","21","001.9","24","  4.2","24","  7.2","24"," 17.1","999.9","  71.1"," ","  57.9"," "," 0.00","G","999.9","100000"
"72295023174","2020-07-31","33.93816","-118.3866","29.7","LOS ANGELES INTERNATIONAL AIRPORT, CA US","  67.2","24","  58.1","24","1012.4","24","000.7","23","  9.8","24","  6.8","24"," 15.0","999.9","  75.9"," ","  57.9"," "," 0.00","G","999.9","000000"
"72295023174","2020-08-01","33.93816","-118.3866","29.7","LOS ANGELES INTERNATIONAL AIRPORT, CA US","  68.5","24","  58.4","24","1011.9","24","000.4","24","  9.9","24","  6.1","24"," 14.0","999.9","  81.0"," ","  61.0"," "," 0.00","G","999.9","000000"
"72295023174","2020-08-02","33.93816","-118.3866","29.7","LOS ANGELES INTERNATIONAL AIRPORT, CA US","  69.4","24","  62.5","24","1013.4","18","002.2","24","  7.3","24","  4.9","24"," 11.1","999.9","  81.0"," ","  61.0"," "," 0.00","G","999.9","100000"
"72295023174","2020-08-03","33.93816","-118.3866","29.7","LOS ANGELES INTERNATIONAL AIRPORT, CA US","  68.5","24","  62.0","24","1013.8","19","002.2","24","  6.0","24","  6.0","24"," 11.1","999.9","  75.0"," ","  63.0"," "," 0.00","G","999.9","100000"
"72295023174","2020-08-04","33.93816","-118.3866","29.7","LOS ANGELES INTERNATIONAL AIRPORT, CA US","  68.1","24","  60.9","24","1013.7","24","002.2","24","  8.2","24","  5.3","24"," 13.0","999.9","  73.9"," ","  64.9"," "," 0.00","G","999.9","000000"
"72295023174","2020-08-05","33.93816","-118.3866","29.7","LOS ANGELES INTERNATIONAL AIRPORT, CA US","  67.5","24","  58.9","24","1013.6","21","002.0","24","  9.6","24","  6.8","24"," 13.0","999.9","  73.9"," ","  64.0"," "," 0.00","G","999.9","000000"
"72295023174","2020-08-06","33.93816","-118.3866","29.7","LOS ANGELES INTERNATIONAL AIRPORT, CA US","  66.6","24","  57.5","24","1012.9","22","001.2","24","  9.7","24","  6.5","24"," 13.0","999.9","  73.9"," ","  63.0"," "," 0.00","G","999.9","000000"
"72295023174","2020-08-07","33.93816","-118.3866","29.7","LOS ANGELES INTERNATIONAL AIRPORT, CA US","  66.7","24","  57.9","24","1012.7","24","001.2","24","  9.8","24","  6.2","24"," 14.0","999.9","  73.9"," ","  61.0"," "," 0.00","G","999.9","000000"
"72295023174","2020-08-08","33.93816","-118.3866","29.7","LOS ANGELES INTERNATIONAL AIRPORT, CA US","  66.4","24","  57.8","24","1014.5","24","002.9","24"," 10.0","24","  6.7","24"," 14.0","999.9","  73.0"," ","  61.0"," "," 0.00","G","999.9","000000"
"72295023174","2020-08-09","33.93816","-118.3866","29.7","LOS ANGELES INTERNATIONAL AIRPORT, CA US","  65.4","24","  57.6","24","1014.3","24","002.6","24"," 10.0","24","  8.2","24"," 15.0"," 18.1","  72.0"," ","  61.0"," "," 0.00","G","999.9","000000"
"72295023174","2020-08-10","33.93816","-118.3866","29.7","LOS ANGELES INTERNATIONAL AIRPORT, CA US","  64.9","24","  57.4","24","1013.4","22","001.7","24","  9.6","24","  8.2","24"," 15.9"," 19.0","  71.1"," ","  61.0"," "," 0.00","G","999.9","000000"
"72295023174","2020-08-11","33.93816","-118.3866","29.7","LOS ANGELES INTERNATIONAL AIRPORT, CA US","  63.7","24","  57.1","24","1013.1","22","001.4","24","  9.3","24","  8.6","24"," 15.9","999.9","  71.1"," ","  60.1"," "," 0.00","G","999.9","000000"
"72295023174","2020-08-12","33.93816","-118.3866","29.7","LOS ANGELES INTERNATIONAL AIRPORT, CA US","  64.8","24","  57.7","24","1012.0","24","000.4","24","  9.7","24","  6.7","24"," 14.0","999.9","  73.0"," ","  60.1"," "," 0.00","G","999.9","100000"
"72295023174","2020-08-13","33.93816","-118.3866","29.7","LOS ANGELES INTERNATIONAL AIRPORT, CA US","  70.1","24","  57.0","24","1012.0","24","000.4","24"," 10.0","24","  5.7","24"," 14.0","999.9","  82.9"," ","  60.1"," "," 0.00","G","999.9","000000"
"72295023174","2020-08-14","33.93816","-118.3866","29.7","LOS ANGELES INTERNATIONAL AIRPORT, CA US","  73.5","24","  60.9","24","1011.0","24","999.5","23"," 10.0","24","  6.2","24"," 13.0","999.9","  82.9"," ","  66.0"," "," 0.00","G","999.9","000000"
"72295023174","2020-08-15","33.93816","-118.3866","29.7","LOS ANGELES INTERNATIONAL AIRPORT, CA US","  74.9","24","  62.2","24","1009.5"," 9","998.0","23"," 10.0","24","  5.6","24"," 13.0","999.9","  86.0","*","  69.8","*"," 0.00","G","999.9","000000"
"72295023174","2020-08-16","33.93816","-118.3866","29.7","LOS ANGELES INTERNATIONAL AIRPORT, CA US","  77.6","24","  63.1","24","1011.1","19","999.1","24"," 10.0","24","  6.5","24","  9.9"," 18.1","  93.0"," ","  69.1"," "," 0.00","G","999.9","000000"
"72295023174","2020-08-17","33.93816","-118.3866","29.7","LOS ANGELES INTERNATIONAL AIRPORT, CA US","  72.4","24","  65.8","24","1012.2","19","000.8","24","  6.7","24","  5.2","24"," 13.0","999.9","  93.0"," ","  66.9"," "," 0.00","G","999.9","100000"
"72295023174","2020-08-18","33.93816","-118.3866","29.7","LOS ANGELES INTERNATIONAL AIRPORT, CA US","  74.4","24","  64.5","24","1011.8","24","000.2","24","  9.3","24","  6.3","24"," 13.0","999.9","  84.9"," ","  66.9"," "," 0.00","G","999.9","100000"
"72295023174","2020-08-19","33.93816","-118.3866","29.7","LOS ANGELES INTERNATIONAL AIRPORT, CA US","  77.1","24","  65.1","24","1010.2","24","998.6","24","  9.4","24","  6.1","24"," 12.0","999.9","  84.9"," ","  69.1"," "," 0.00","G","999.9","000000"
"72295023174","2020-08-20","33.93816","-118.3866","29.7","LOS ANGELES INTERNATIONAL AIRPORT, CA US","  76.5","24","  66.0","24","1007.9","24","996.4","24","  9.8","24","  5.0","24"," 12.0","999.9","  84.9"," ","  72.0"," "," 0.00","G","999.9","000000"
"72295023174","2020-08-21","33.93816","-118.3866","29.7","LOS ANGELES INTERNATIONAL AIRPORT, CA US","  74.8","24","  67.5","24","1007.7","24","996.3","24","  8.7","24","  5.7","24"," 12.0","999.9","  84.9"," ","  71.1"," "," 0.00","G","999.9","000000"
"72295023174","2020-08-22","33.93816","-118.3866","29.7","LOS ANGELES INTERNATIONAL AIRPORT, CA US","  77.0","24","  66.2","24","1009.9","22","998.4","24","  8.0","24","  5.3","24"," 12.0","999.9","  88.0","*","  69.8","*"," 0.00","G","999.9","000000"
"72295023174","2020-08-23","33.93816","-118.3866","29.7","LOS ANGELES INTERNATIONAL AIRPORT, CA US","  77.0","24","  68.3","24","1011.3","24","999.8","24","  9.1","24","  6.5","24"," 15.0","999.9","  90.0"," ","  70.0"," "," 0.00","G","999.9","000000"
"72295023174","2020-08-24","33.93816","-118.3866","29.7","LOS ANGELES INTERNATIONAL AIRPORT, CA US","  71.9","24","  66.7","24","1010.6","24","999.2","24","  7.9","24","  8.9","24"," 15.0","999.9","  82.9"," ","  69.1"," "," 0.00","G","999.9","100000"
"72295023174","2020-08-25","33.93816","-118.3866","29.7","LOS ANGELES INTERNATIONAL AIRPORT, CA US","  70.9","24","  65.2","24","1010.0","21","998.4","24","  8.7","24","  7.7","24"," 15.9","999.9","  75.9"," ","  68.0"," "," 0.00","G","999.9","100000"
"72295023174","2020-08-26","33.93816","-118.3866","29.7","LOS ANGELES INTERNATIONAL AIRPORT, CA US","  69.8","24","  64.0","24","1007.9","19","996.6","24","  7.0","24","  7.6","24"," 15.9","999.9","  75.9"," ","  66.0"," "," 0.00","G","999.9","100000"
"72295023174","2020-08-27","33.93816","-118.3866","29.7","LOS ANGELES INTERNATIONAL AIRPORT, CA US","  71.4","24","  62.2","24","1006.5","24","995.0","24","  9.7","24","  6.4","24"," 15.9","999.9","  79.0"," ","  66.0"," "," 0.00","G","999.9","000000"
"72295023174","2020-08-28","33.93816","-118.3866","29.7","LOS ANGELES INTERNATIONAL AIRPORT, CA US","  68.7","24","  60.1","24","1008.2","24","996.8","24","  9.9","24","  7.3","24"," 15.0","999.9","  79.0"," ","  64.0"," "," 0.00","G","999.9","000000"
"72295023174","2020-08-29","33.93816","-118.3866","29.7","LOS ANGELES INTERNATIONAL AIRPORT, CA US","  65.8","24","  57.9","24","1011.1","23","999.6","24"," 10.0","24","  7.0","24"," 15.0","999.9","  75.0"," ","  62.1"," "," 0.00","G","999.9","000000"
"72295023174","2020-08-30","33.93816","-118.3866","29.7","LOS ANGELES INTERNATIONAL AIRPORT, CA US","  66.5","24","  58.1","24","1011.2","24","999.7","24","  9.8","24","  7.4","24"," 15.0"," 15.9","  73.0"," ","  62.1"," "," 0.00","G","999.9","000000"
"72295023174","2020-08-31","33.93816","-118.3866","29.7","LOS ANGELES INTERNATIONAL AIRPORT, CA US","  67.0","24","  58.3","24","1010.5","22","999.1","24","  9.8","24","  7.0","24"," 14.0","999.9","  73.0"," ","  62.1"," "," 0.00","G","999.9","000000"
"72295023174","2020-09-01","33.93816","-118.3866","29.7","LOS ANGELES INTERNATIONAL AIRPORT, CA US","  67.3","24","  57.9","24","1012.7","22","001.2","24","  9.6","24","  7.8","24"," 15.0","999.9","  73.9"," ","  64.0"," "," 0.00","G","999.9","000000"
"72295023174","2020-09-02","33.93816","-118.3866","29.7","LOS ANGELES INTERNATIONAL AIRPORT, CA US","  66.8","24","  59.2","24","1015.1","24","003.5","24","  9.6","24","  8.3","24"," 15.9"," 19.0","  73.9"," ","  63.0"," "," 0.00","G","999.9","000000"
"72295023174","2020-09-03","33.93816","-118.3866","29.7","LOS ANGELES INTERNATIONAL AIRPORT, CA US","  67.8","24","  60.3","24","1013.8","24","002.2","24","  9.8","24","  6.2","24"," 15.0","999.9","  73.9"," ","  63.0"," "," 0.00","G","999.9","000000"
"72295023174","2020-09-04","33.93816","-118.3866","29.7","LOS ANGELES INTERNATIONAL AIRPORT, CA US","  69.5","24","  61.2","24","1011.7","24","000.2","24","  9.2","24","  5.7","24"," 13.0","999.9","  77.0"," ","  63.0"," "," 0.00","G","999.9","000000"
"72295023174","2020-09-05","33.93816","-118.3866","29.7","LOS ANGELES INTERNATIONAL AIRPORT, CA US","  72.7","24","  61.8","24","1011.6","24","000.0","24","  9.9","24","  6.5","24"," 13.0","999.9","  86.0"," ","  64.0"," "," 0.00","G","999.9","000000"
"72295023174","2020-09-06","33.93816","-118.3866","29.7","LOS ANGELES INTERNATIONAL AIRPORT, CA US","  83.2","24","  59.1","24","1009.7","24","998.2","24"," 10.0","24","  3.8","24"," 14.0","999.9","  99.0"," ","  66.9"," "," 0.00","G","999.9","000000"
"72295023174","2020-09-07","33.93816","-118.3866","29.7","LOS ANGELES INTERNATIONAL AIRPORT, CA US","  79.2","24","  64.2","24","1008.0","24","996.5","24","  9.4","24","  6.6","24"," 14.0","999.9","  99.0"," ","  71.1"," "," 0.00","G","999.9","000000"
"72295023174","2020-09-08","33.93816","-118.3866","29.7","LOS ANGELES INTERNATIONAL AIRPORT, CA US","  73.3","24","  64.5","24","1005.2","22","993.7","24","  9.4","24","  4.3","24","  8.9","999.9","  82.9"," ","  70.0"," "," 0.00","G","999.9","000000"
"72295023174","2020-09-09","33.93816","-118.3866","29.7","LOS ANGELES INTERNATIONAL AIRPORT, CA US","  70.3","24","  64.3","24","1008.1","23","996.5","24","  8.7","24","  5.3","24"," 11.1","999.9","  77.0"," ","  66.0"," "," 0.00","G","999.9","100000"
"72295023174","2020-09-10","33.93816","-118.3866","29.7","LOS ANGELES INTERNATIONAL AIRPORT, CA US","  65.6","24","  61.5","24","1013.5","21","002.1","24","  6.6","24","  4.9","24"," 11.1","999.9","  73.0"," ","  62.1"," "," 0.00","G","999.9","100000"
"72295023174","2020-09-11","33.93816","-118.3866","29.7","LOS ANGELES INTERNATIONAL AIRPORT, CA US","  66.5","24","  58.9","24","1014.6","24","002.9","24","  8.8","24","  4.8","24"," 13.0","999.9","  75.0"," ","  61.0"," "," 0.00","G","999.9","000000"
"72295023174","2020-09-12","33.93816","-118.3866","29.7","LOS ANGELES INTERNATIONAL AIRPORT, CA US","  67.4","24","  56.4","24","1012.3","24","000.6","24","  5.0","24","  5.1","24"," 13.0","999.9","  75.0"," ","  60.1"," "," 0.00","G","999.9","000000"
"72295023174","2020-09-13","33.93816","-118.3866","29.7","LOS ANGELES INTERNATIONAL AIRPORT, CA US","  66.1","24","  59.9","24","1011.6","23","000.1","24","  4.4","24","  4.6","24"," 13.0","999.9","  75.0"," ","  60.1"," "," 0.00","G","999.9","000000"
"72295023174","2020-09-14","33.93816","-118.3866","29.7","LOS ANGELES INTERNATIONAL AIRPORT, CA US","  67.7","24","  58.8","24","1013.1","22","001.6","24","  3.9","24","  5.0","24"," 14.0","999.9","  77.0"," ","  60.1"," "," 0.00","G","999.9","000000"
"72295023174","2020-09-15","33.93816","-118.3866","29.7","LOS ANGELES INTERNATIONAL AIRPORT, CA US","  68.7","24","  59.2","24","1015.5","23","004.1","24","  3.2","24","  5.2","24"," 14.0","999.9","  77.0"," ","  61.0"," "," 0.00","G","999.9","000000"
"72295023174","2020-09-16","33.93816","-118.3866","29.7","LOS ANGELES INTERNATIONAL AIRPORT, CA US","  69.9","24","  56.5","24","1014.6","24","002.8","24","  5.2","24","  4.9","24"," 14.0","999.9","  81.0"," ","  62.1"," "," 0.00","G","999.9","000000"
"72295023174","2020-09-17","33.93816","-118.3866","29.7","LOS ANGELES INTERNATIONAL AIRPORT, CA US","  70.5","24","  55.9","24","1012.6","24","001.1","24","  8.6","24","  4.6","24"," 12.0","999.9","  82.0"," ","  62.1"," "," 0.00","G","999.9","100000"
"72295023174","2020-09-18","33.93816","-118.3866","29.7","LOS ANGELES INTERNATIONAL AIRPORT, CA US","  71.7","24","  58.3","24","1011.1","24","999.6","24","  9.7","24","  4.7","24"," 15.9","999.9","  87.1"," ","  62.1"," "," 0.00","G","999.9","000000"
"72295023174","2020-09-19","33.93816","-118.3866","29.7","LOS ANGELES INTERNATIONAL AIRPORT, CA US","  71.2","24","  60.4","24","1010.4","24","998.9","24","  9.8","24","  6.0","24"," 13.0","999.9","  87.1"," ","  63.0"," "," 0.00","G","999.9","000000"
"72295023174","2020-09-20","33.93816","-118.3866","29.7","LOS ANGELES INTERNATIONAL AIRPORT, CA US","  66.8","24","  60.4","24","1010.6","21","999.2","24","  8.0","24","  4.8","24","  9.9","999.9","  77.0"," ","  60.1"," "," 0.00","G","999.9","100000"
"72295023174","2020-09-21","33.93816","-118.3866","29.7","LOS ANGELES INTERNATIONAL AIRPORT, CA US","  67.4","24","  60.2","24","1012.7","24","001.2","24","  7.0","24","  5.7","24"," 13.0"," 15.0","  73.9"," ","  60.1"," "," 0.00","G","999.9","000000"
"72295023174","2020-09-22","33.93816","-118.3866","29.7","LOS ANGELES INTERNATIONAL AIRPORT, CA US","  67.3","24","  60.1","24","1015.1","22","003.4","24","  7.8","24","  6.7","24"," 13.0","999.9","  73.9"," ","  64.0"," "," 0.00","G","999.9","000000"
"72295023174","2020-09-23","33.93816","-118.3866","29.7","LOS ANGELES INTERNATIONAL AIRPORT, CA US","  67.4","24","  61.2","24","1015.9","20","004.4","24","  7.0","24","  6.3","24"," 13.0","999.9","  75.0"," ","  63.0"," "," 0.00","G","999.9","000000"
"72295023174","2020-09-24","33.93816","-118.3866","29.7","LOS ANGELES INTERNATIONAL AIRPORT, CA US","  68.4","24","  61.6","24","1013.3","23","001.6","24","  8.6","24","  4.9","24"," 12.0","999.9","  81.0"," ","  61.0"," "," 0.00","G","999.9","100000"
"72295023174","2020-09-25","33.93816","-118.3866","29.7","LOS ANGELES INTERNATIONAL AIRPORT, CA US","  68.3","24","  61.8","24","1012.4","22","001.0","24","  7.8","24","  5.3","24"," 11.1","999.9","  81.0"," ","  61.0"," "," 0.00","G","999.9","100000"
"72295023174","2020-09-26","33.93816","-118.3866","29.7","LOS ANGELES INTERNATIONAL AIRPORT, CA US","  69.0","24","  61.7","24","1013.1","21","001.6","24","  9.1","24","  4.0","24"," 12.0","999.9","  77.0"," ","  64.0"," "," 0.00","G","999.9","000000"
"72295023174","2020-09-27","33.93816","-118.3866","29.7","LOS ANGELES INTERNATIONAL AIRPORT, CA US","  69.1","24","  62.0","24","1011.2","23","999.8","24","  9.0","24","  4.8","24","  9.9","999.9","  77.0"," ","  64.0"," "," 0.00","G","999.9","000000"
"72295023174","2020-09-28","33.93816","-118.3866","29.7","LOS ANGELES INTERNATIONAL AIRPORT, CA US","  69.1","24","  62.4","24","1012.0","23","000.4","24","  8.3","24","  5.3","24"," 14.0","999.9","  75.0"," ","  63.0"," "," 0.00","G","999.9","100000"
"72295023174","2020-09-29","33.93816","-118.3866","29.7","LOS ANGELES INTERNATIONAL AIRPORT, CA US","  68.4","24","  62.8","24","1013.6","16","002.3","24","  5.4","24","  6.8","24"," 14.0","999.9","  80.1"," ","  64.0"," "," 0.00","G","999.9","100000"
"72295023174","2020-09-30","33.93816","-118.3866","29.7","LOS ANGELES INTERNATIONAL AIRPORT, CA US","  74.3","24","  59.8","24","1012.8","24","001.3","24"," 10.0","24","  6.2","24"," 15.9","999.9","  91.9"," ","  64.0"," "," 0.00","G","999.9","000000"
"72295023174","2020-10-01","33.93816","-118.3866","29.7","LOS ANGELES INTERNATIONAL AIRPORT, CA US","  78.0","24","  56.7","24","1011.9","24","000.3","24","  9.8","24","  5.1","24"," 12.0","999.9","  91.9"," ","  66.0"," "," 0.00","G","999.9","000000"
"72295023174","2020-10-02","33.93816","-118.3866","29.7","LOS ANGELES INTERNATIONAL AIRPORT, CA US","  76.3","24","  62.9","24","1011.1","24","999.6","24","  9.3","24","  5.1","24"," 13.0","999.9","  91.9"," ","  66.0"," "," 0.00","G","999.9","000000"
"72295023174","2020-10-03","33.93816","-118.3866","29.7","LOS ANGELES INTERNATIONAL AIRPORT, CA US","  75.0","24","  60.0","24","1009.8","24","998.3","24","  9.9","24","  4.3","24","  9.9","999.9","  91.9"," ","  66.0"," "," 0.00","G","999.9","000000"
"72295023174","2020-10-04","33.93816","-118.3866","29.7","LOS ANGELES INTERNATIONAL AIRPORT, CA US","  70.5","24","  63.4","24","1012.3","22","000.8","23","  6.1","24","  3.7","24","  9.9","999.9","  86.0"," ","  62.1"," "," 0.00","G","999.9","100000"
"72295023174","2020-10-05","33.93816","-118.3866","29.7","LOS ANGELES INTERNATIONAL AIRPORT, CA US","  71.0","24","  63.5","24","1014.4","20","003.1","24","  3.8","24","  5.2","24"," 12.0","999.9","  84.0"," ","  62.1"," "," 0.00","G","999.9","100000"
"72295023174","2020-10-06","33.93816","-118.3866","29.7","LOS ANGELES INTERNATIONAL AIRPORT, CA US","  69.4","24","  63.3","24","1014.5","23","002.9","24","  5.2","24","  4.7","24"," 14.0","999.9","  84.0"," ","  63.0"," "," 0.00","G","999.9","100000"
"72295023174","2020-10-07","33.93816","-118.3866","29.7","LOS ANGELES INTERNATIONAL AIRPORT, CA US","  67.8","24","  62.3","24","1012.6","20","001.0","24","  6.7","24","  6.1","24"," 12.0","999.9","  84.0"," ","  63.0"," "," 0.00","G","999.9","000000"
"72295023174","2020-10-08","33.93816","-118.3866","29.7","LOS ANGELES INTERNATIONAL AIRPORT, CA US","  68.0","24","  58.3","24","1013.1","23","001.6","24","  8.8","24","  5.6","24"," 13.0","999.9","  73.9"," ","  63.0"," "," 0.00","G","999.9","000000"
"72295023174","2020-10-09","33.93816","-118.3866","29.7","LOS ANGELES INTERNATIONAL AIRPORT, CA US","  67.2","24","  58.9","24","1013.3","23","001.8","24","  9.3","24","  6.7","24"," 12.0","999.9","  73.9"," ","  64.0"," "," 0.00","G","999.9","000000"
"72295023174","2020-10-10","33.93816","-118.3866","29.7","LOS ANGELES INTERNATIONAL AIRPORT, CA US","  68.2","24","  58.5","24","1013.7","23","002.2","24","  9.9","24","  6.3","24"," 13.0","999.9","  73.0"," ","  64.0"," "," 0.00","G","999.9","000000"
"72295023174","2020-10-11","33.93816","-118.3866","29.7","LOS ANGELES INTERNATIONAL AIRPORT, CA US","  67.1","24","  59.6","24","1014.3","22","002.7","24"," 10.0","24","  6.4","24"," 13.0","999.9","  73.0"," ","  61.0"," "," 0.00","G","999.9","000000"
"72295023174","2020-10-12","33.93816","-118.3866","29.7","LOS ANGELES INTERNATIONAL AIRPORT, CA US","  69.7","24","  60.7","24","1014.3","24","002.7","24"," 10.0","24","  5.4","24"," 14.0","999.9","  80.1"," ","  61.0"," "," 0.00","G","999.9","000000"
"72295023174","2020-10-13","33.93816","-118.3866","29.7","LOS ANGELES INTERNATIONAL AIRPORT, CA US","  73.6","24","  57.0","24","1014.1","24","002.5","24"," 10.0","24","  5.2","24"," 12.0","999.9","  86.0"," ","  63.0"," "," 0.00","G","999.9","000000"
"72295023174","2020-10-14","33.93816","-118.3866","29.7","LOS ANGELES INTERNATIONAL AIRPORT, CA US","  73.4","24","  59.3","24","1013.8","24","002.2","24","  9.6","24","  3.8","24"," 11.1","999.9","  86.0"," ","  64.0"," "," 0.00","G","999.9","100000"
"72295023174","2020-10-15","33.93816","-118.3866","29.7","LOS ANGELES INTERNATIONAL AIRPORT, CA US","  73.3","24","  59.1","24","1013.5","24","002.1","24","  9.9","24","  5.1","24","  9.9","999.9","  86.0"," ","  64.0"," "," 0.00","G","999.9","000000"
"72295023174","2020-10-16","33.93816","-118.3866","29.7","LOS ANGELES INTERNATIONAL AIRPORT, CA US","  70.5","24","  63.1","24","1012.1","21","000.7","24","  8.5","24","  4.4","24"," 12.0","999.9","  82.0"," ","  63.0"," "," 0.00","G","999.9","100000"
"72295023174","2020-10-17","33.93816","-118.3866","29.7","LOS ANGELES INTERNATIONAL AIRPORT, CA US","  70.6","24","  64.2","24","1011.7","21","000.5","24","  7.8","24","  5.1","24"," 11.1","999.9","  81.0"," ","  63.0"," "," 0.00","G","999.9","100000"
"72295023174","2020-10-18","33.93816","-118.3866","29.7","LOS ANGELES INTERNATIONAL AIRPORT, CA US","  68.1","24","  63.5","24","1014.5","19","002.9","24","  5.7","24","  4.3","24"," 12.0","999.9","  80.1"," ","  63.0"," "," 0.00","G","999.9","100000"
"72295023174","2020-10-19","33.93816","-118.3866","29.7","LOS ANGELES INTERNATIONAL AIRPORT, CA US","  67.2","24","  60.9","24","1014.4","19","002.8","24","  8.7","24","  6.4","24"," 12.0"," 15.0","  73.9"," ","  63.0"," "," 0.00","G","999.9","000000"
"72295023174","2020-10-20","33.93816","-118.3866","29.7","LOS ANGELES INTERNATIONAL AIRPORT, CA US","  66.5","24","  59.8","24","1012.0","20","000.3","24","  7.2","24","  5.4","24"," 14.0","999.9","  73.9"," ","  63.0"," "," 0.00","G","999.9","000000"
"72295023174","2020-10-21","33.93816","-118.3866","29.7","LOS ANGELES INTERNATIONAL AIRPORT, CA US","  66.3","24","  59.8","24","1009.9","22","998.4","24","  5.8","24","  5.2","24"," 14.0","999.9","  73.0"," ","  63.0"," "," 0.00","G","999.9","000000"
"72295023174","2020-10-22","33.93816","-118.3866","29.7","LOS ANGELES INTERNATIONAL AIRPORT, CA US","  67.4","24","  57.7","24","1010.7","23","999.2","24","  9.6","24","  5.3","24","  9.9","999.9","  71.1"," ","  64.0"," "," 0.00","G","999.9","000000"
"72295023174","2020-10-23","33.93816","-118.3866","29.7","LOS ANGELES INTERNATIONAL AIRPORT, CA US","  66.8","24","  57.0","24","1013.5","24","001.9","24","  9.7","24","  4.5","24"," 11.1","999.9","  70.0"," ","  64.9"," "," 0.00","G","999.9","000000"
"72295023174","2020-10-24","33.93816","-118.3866","29.7","LOS ANGELES INTERNATIONAL AIRPORT, CA US","  65.6","24","  56.6","24","1015.1","24","003.5","24"," 10.0","24","  6.0","24"," 13.0","999.9","  70.0"," ","  63.0"," "," 0.00","G","999.9","000000"
"72295023174","2020-10-25","33.93816","-118.3866","29.7","LOS ANGELES INTERNATIONAL AIRPORT, CA US","  65.0","24","  54.0","24","1013.0","24","001.3","24"," 10.0","24","  8.6","24"," 15.0","999.9","  70.0"," ","  63.0"," "," 0.00","G","999.9","000000"
"72295023174","2020-10-26","33.93816","-118.3866","29.7","LOS ANGELES INTERNATIONAL AIRPORT, CA US","  63.3","24","  39.8","24","1013.9","24","002.5","24","  9.0","24","  6.8","24"," 13.0"," 18.1","  75.0"," ","  57.0"," "," 0.00","G","999.9","000000"
"72295023174","2020-10-27","33.93816","-118.3866","29.7","LOS ANGELES INTERNATIONAL AIRPORT, CA US","  64.2","24","  17.6","24","1016.6","24","005.0","24","  9.7","24","  4.9","24"," 13.0","999.9","  75.9"," ","  52.0"," "," 0.00","G","999.9","000000"
"72295023174","2020-10-28","33.93816","-118.3866","29.7","LOS ANGELES INTERNATIONAL AIRPORT, CA US","  64.0","24","  46.3","24","1017.2","24","005.6","24","  9.8","24","  6.4","24"," 13.0","999.9","  75.9"," ","  52.0"," "," 0.00","G","999.9","000000"
"72295023174","2020-10-29","33.93816","-118.3866","29.7","LOS ANGELES INTERNATIONAL AIRPORT, CA US","  63.3","24","  48.2","24","1015.9","24","004.2","24","  9.8","24","  5.0","24","  9.9","999.9","  73.9"," ","  54.0"," "," 0.00","G","999.9","000000"
"72295023174","2020-10-30","33.93816","-118.3866","29.7","LOS ANGELES INTERNATIONAL AIRPORT, CA US","  63.8","24","  51.1","24","1014.9","24","003.2","24","  8.8","24","  4.7","24"," 11.1","999.9","  75.9"," ","  53.1"," "," 0.00","G","999.9","100000"
"72295023174","2020-10-31","33.93816","-118.3866","29.7","LOS ANGELES INTERNATIONAL AIRPORT, CA US","  63.0","24","  53.5","24","1015.2","22","003.7","24","  9.0","24","  3.8","24","  9.9","999.9","  75.9"," ","  53.1"," "," 0.00","G","999.9","100000"
"72295023174","2020-11-01","33.93816","-118.3866","29.7","LOS ANGELES INTERNATIONAL AIRPORT, CA US","  63.6","24","  56.6","24","1017.4","22","006.0","24","  7.6","24","  3.7","24","  9.9","999.9","  75.9"," ","  54.0"," "," 0.00","G","999.9","110000"
"72295023174","2020-11-02","33.93816","-118.3866","29.7","LOS ANGELES INTERNATIONAL AIRPORT, CA US","  62.8","24","  59.3","24","1017.6","15","006.1","24","  3.9","24","  4.1","24","  9.9","999.9","  75.9"," ","  55.0"," "," 0.00","G","999.9","100000"
"72295023174","2020-11-03","33.93816","-118.3866","29.7","LOS ANGELES INTERNATIONAL AIRPORT, CA US","  61.7","24","  57.5","24","1016.2","14","004.7","24","  3.7","24","  4.5","24"," 15.0","999.9","  72.0"," ","  57.0"," "," 0.00","G","999.9","100000"
"72295023174","2020-11-04","33.93816","-118.3866","29.7","LOS ANGELES INTERNATIONAL AIRPORT, CA US","  63.6","24","  56.9","24","1017.2","21","005.6","24","  5.0","24","  3.9","24"," 12.0","999.9","  72.0"," ","  55.9"," "," 0.00","G","999.9","100000"
"72295023174","2020-11-05","33.93816","-118.3866","29.7","LOS ANGELES INTERNATIONAL AIRPORT, CA US","  68.3","24","  50.2","24","1016.0","24","004.1","24","  9.7","24","  4.1","24"," 12.0","999.9","  88.0"," ","  55.9"," "," 0.00","G","999.9","100000"
"72295023174","2020-11-06","33.93816","-118.3866","29.7","LOS ANGELES INTERNATIONAL AIRPORT, CA US","  68.3","24","  55.7","24","1007.3","22","995.4","24","  8.9","24","  4.0","24"," 12.0"," 15.9","  88.0"," ","  57.9"," "," 0.00","G","999.9","000000"
"72295023174","2020-11-07","33.93816","-118.3866","29.7","LOS ANGELES INTERNATIONAL AIRPORT, CA US","  58.8","24","  47.0","24","1005.8","24","994.4","24","  9.4","24"," 15.5","24"," 22.0"," 28.9","  73.9"," ","  52.0"," "," 0.00","G","999.9","010010"
"72295023174","2020-11-08","33.93816","-118.3866","29.7","LOS ANGELES INTERNATIONAL AIRPORT, CA US","  55.8","24","  42.1","24","1009.3","24","997.7","24"," 10.0","24"," 15.3","24"," 34.0"," 40.0","  62.1"," ","  48.0"," "," 0.10","G","999.9","000000"
"72295023174","2020-11-09","33.93816","-118.3866","29.7","LOS ANGELES INTERNATIONAL AIRPORT, CA US","  54.0","24","  35.5","24","1014.4","24","003.1","24"," 10.0","24"," 10.5","24"," 32.1"," 36.9","  62.1"," ","  45.0"," "," 0.00","G","999.9","000000"
"72295023174","2020-11-10","33.93816","-118.3866","29.7","LOS ANGELES INTERNATIONAL AIRPORT, CA US","  53.9","24","  34.4","24","1020.5","24","008.7","24"," 10.0","24","  4.2","24"," 13.0","999.9","  64.0"," ","  45.0"," "," 0.00","G","999.9","000000"
"72295023174","2020-11-11","33.93816","-118.3866","29.7","LOS ANGELES INTERNATIONAL AIRPORT, CA US","  54.7","24","  40.0","24","1016.9","24","005.0","24"," 10.0","24","  5.9","24"," 11.1","999.9","  64.0"," ","  46.0"," "," 0.00","G","999.9","000000"
"72295023174","2020-11-12","33.93816","-118.3866","29.7","LOS ANGELES INTERNATIONAL AIRPORT, CA US","  56.1","24","  44.8","24","1016.4","24","004.7","24","  9.5","24","  4.3","24"," 12.0","999.9","  66.9"," ","  46.0"," "," 0.00","G","999.9","000000"
"72295023174","2020-11-13","33.93816","-118.3866","29.7","LOS ANGELES INTERNATIONAL AIRPORT, CA US","  56.0","24","  47.4","24","1018.2","24","006.6","24","  9.7","24","  6.2","24"," 12.0","999.9","  66.9"," ","  46.9"," "," 0.00","G","999.9","000000"
"72295023174","2020-11-14","33.93816","-118.3866","29.7","LOS ANGELES INTERNATIONAL AIRPORT, CA US","  56.9","24","  48.7","24","1019.4","24","007.6","24","  9.8","24","  5.6","24"," 12.0","999.9","  64.9"," ","  48.0"," "," 0.00","G","999.9","000000"
"72295023174","2020-11-15","33.93816","-118.3866","29.7","LOS ANGELES INTERNATIONAL AIRPORT, CA US","  62.2","24","  43.0","24","1019.3","24","007.4","24"," 10.0","24","  3.7","24","  9.9","999.9","  82.0"," ","  50.0"," "," 0.00","G","999.9","000000"
"72295023174","2020-11-16","33.93816","-118.3866","29.7","LOS ANGELES INTERNATIONAL AIRPORT, CA US","  71.0","24","  34.1","24","1015.9","24","004.1","24"," 10.0","24","  5.0","24"," 11.1","999.9","  91.0"," ","  51.1"," "," 0.00","G","999.9","000000"
"72295023174","2020-11-17","33.93816","-118.3866","29.7","LOS ANGELES INTERNATIONAL AIRPORT, CA US","  63.9","24","  41.7","24","1015.7","24","004.3","24","  9.9","24","  4.3","24","  9.9","999.9","  73.9","*","  55.0","*"," 0.00","G","999.9","100000"
"72295023174","2020-11-18","33.93816","-118.3866","29.7","LOS ANGELES INTERNATIONAL AIRPORT, CA US","  57.9","24","  53.6","24","1017.7","22","006.0","24","  6.5","24","  6.4","24"," 13.0","999.9","  63.0","*","  53.6","*"," 0.00","G","999.9","100000"
"72295023174","2020-11-19","33.93816","-118.3866","29.7","LOS ANGELES INTERNATIONAL AIRPORT, CA US","  59.1","24","  54.0","24","1019.7","17","008.0","24","  8.9","24","  6.9","24"," 12.0","999.9","  64.0"," ","  54.0"," "," 0.00","G","999.9","100000"
"72295023174","2020-11-20","33.93816","-118.3866","29.7","LOS ANGELES INTERNATIONAL AIRPORT, CA US","  56.9","24","  50.6","24","1018.7","21","006.9","24","  7.0","24","  3.0","24","  8.9","999.9","  66.9"," ","  50.0"," "," 0.00","G","999.9","100000"
"72295023174","2020-11-21","33.93816","-118.3866","29.7","LOS ANGELES INTERNATIONAL AIRPORT, CA US","  60.0","24","  52.6","24","1018.2","24","006.4","24","  9.2","24","  2.9","24","  9.9","999.9","  71.1"," ","  50.0"," "," 0.00","G","999.9","100000"
"72295023174","2020-11-22","33.93816","-118.3866","29.7","LOS ANGELES INTERNATIONAL AIRPORT, CA US","  58.9","24","  52.2","24","1015.0","23","003.2","24","  8.7","24","  3.9","24","  8.9","999.9","  71.1"," ","  48.0"," "," 0.00","G","999.9","000000"
"72295023174","2020-11-23","33.93816","-118.3866","29.7","LOS ANGELES INTERNATIONAL AIRPORT, CA US","  55.8","24","  51.5","24","1012.1","17","000.6","24","  5.2","24","  3.8","24","  8.9","999.9","  68.0"," ","  48.0"," "," 0.00","G","999.9","100000"
"72295023174","2020-11-24","33.93816","-118.3866","29.7","LOS ANGELES INTERNATIONAL AIRPORT, CA US","  57.6","24","  49.3","24","1015.7","21","004.1","24","  8.7","24","  4.3","24","  9.9","999.9","  66.9"," ","  48.9"," "," 0.00","G","999.9","000000"
"72295023174","2020-11-25","33.93816","-118.3866","29.7","LOS ANGELES INTERNATIONAL AIRPORT, CA US","  57.0","24","  51.5","24","1018.2","18","006.8","24","  6.9","24","  4.9","24"," 11.1","999.9","  66.9"," ","  50.0"," "," 0.00","G","999.9","100000"
"72295023174","2020-11-26","33.93816","-118.3866","29.7","LOS ANGELES INTERNATIONAL AIRPORT, CA US","  57.1","24","  49.6","24","1017.1","20","005.4","24","  7.1","24","  4.7","24"," 11.1","999.9","  64.9"," ","  50.0"," "," 0.00","G","999.9","000000"
"72295023174","2020-11-27","33.93816","-118.3866","29.7","LOS ANGELES INTERNATIONAL AIRPORT, CA US","  57.7","24","  24.9","24","1019.5","24","008.0","24"," 10.0","24","  3.7","24"," 11.1","999.9","  66.9"," ","  43.0"," "," 0.00","G","999.9","000000"
"72295023174","2020-11-28","33.93816","-118.3866","29.7","LOS ANGELES INTERNATIONAL AIRPORT, CA US","  59.1","24","  20.5","24","1021.3","24","009.4","24"," 10.0","24","  4.1","24","  9.9","999.9","  72.0"," ","  43.0"," "," 0.00","G","999.9","000000"
"72295023174","2020-11-29","33.93816","-118.3866","29.7","LOS ANGELES INTERNATIONAL AIRPORT, CA US","  59.0","24","  28.3","24","1019.2","24","007.4","24"," 10.0","24","  4.1","24","  9.9","999.9","  73.9"," ","  48.0"," "," 0.00","G","999.9","000000"
"72295023174","2020-11-30","33.93816","-118.3866","29.7","LOS ANGELES INTERNATIONAL AIRPORT, CA US","  60.1","24","  34.0","24","1019.7","24","007.9","24"," 10.0","24","  4.8","24"," 12.0","999.9","  75.9"," ","  48.0"," "," 0.00","G","999.9","000000"
"72295023174","2020-12-01","33.93816","-118.3866","29.7","LOS ANGELES INTERNATIONAL AIRPORT, CA US","  59.0","24","  37.2","24","1018.1","24","006.3","24"," 10.0","24","  4.5","24","  8.9","999.9","  75.9"," ","  48.0"," "," 0.00","G","999.9","000000"
"72295023174","2020-12-02","33.93816","-118.3866","29.7","LOS ANGELES INTERNATIONAL AIRPORT, CA US","  59.5","24","  40.6","24","1017.0","24","005.3","24","  9.9","24","  3.4","24"," 15.0","999.9","  78.1"," ","  46.9"," "," 0.00","G","999.9","000000"
"72295023174","2020-12-03","33.93816","-118.3866","29.7","LOS ANGELES INTERNATIONAL AIRPORT, CA US","  60.6","24","  30.3","24","1020.7","24","009.2","24"," 10.0","24","  2.8","24","  9.9","999.9","  78.1"," ","  46.9"," "," 0.00","G","999.9","000000"
"72295023174","2020-12-04","33.93816","-118.3866","29.7","LOS ANGELES INTERNATIONAL AIRPORT, CA US","  60.6","24","  11.6","24","1022.4","24","010.6","24"," 10.0","24","  4.4","24","  9.9","999.9","  75.0"," ","  48.0"," "," 0.00","G","999.9","000000"
"72295023174","2020-12-05","33.93816","-118.3866","29.7","LOS ANGELES INTERNATIONAL AIRPORT, CA US","  56.2","24","  32.3","24","1022.3","24","010.6","24"," 10.0","24","  3.4","24","  9.9","999.9","  72.0"," ","  46.0"," "," 0.00","G","999.9","000000"
"72295023174","2020-12-06","33.93816","-118.3866","29.7","LOS ANGELES INTERNATIONAL AIRPORT, CA US","  56.3","24","  40.2","24","1022.7","24","010.8","24","  9.9","24","  4.2","24","  9.9","999.9","  71.1"," ","  43.0"," "," 0.00","G","999.9","000000"
"72295023174","2020-12-07","33.93816","-118.3866","29.7","LOS ANGELES INTERNATIONAL AIRPORT, CA US","  56.1","24","  38.6","24","1016.5","24","004.7","24","  9.9","24","  3.6","24","  8.0","999.9","  75.0"," ","  43.0"," "," 0.00","G","999.9","000000"
"72295023174","2020-12-08","33.93816","-118.3866","29.7","LOS ANGELES INTERNATIONAL AIRPORT, CA US","  67.7","24","  19.0","24","1016.4","24","004.7","24"," 10.0","24","  3.0","24","  9.9"," 15.9","  82.0"," ","  46.0"," "," 0.00","G","999.9","000000"
"72295023174","2020-12-09","33.93816","-118.3866","29.7","LOS ANGELES INTERNATIONAL AIRPORT, CA US","  64.0","24","  25.3","24","1017.1","24","005.3","24"," 10.0","24","  3.2","24"," 11.1","999.9","  82.0"," ","  53.1"," "," 0.00","G","999.9","000000"
"72295023174","2020-12-10","33.93816","-118.3866","29.7","LOS ANGELES INTERNATIONAL AIRPORT, CA US","  57.0","24","  45.3","24","1015.1","20","003.6","24"," 10.0","24","  6.0","24"," 13.0","999.9","  70.0"," ","  48.0"," "," 0.00","G","999.9","000000"
"72295023174","2020-12-11","33.93816","-118.3866","29.7","LOS ANGELES INTERNATIONAL AIRPORT, CA US","  56.0","24","  46.9","24","1019.3","24","007.6","24","  9.1","24","  3.0","24","  9.9"," 15.0","  64.0"," ","  48.0"," "," 0.00","G","999.9","000000"
"72295023174","2020-12-12","33.93816","-118.3866","29.7","LOS ANGELES INTERNATIONAL AIRPORT, CA US","  54.5","24","  47.7","24","1018.0","23","006.2","24","  9.2","24","  5.2","24"," 12.0","999.9","  63.0"," ","  46.9"," "," 0.00","G","999.9","000000"
"72295023174","2020-12-13","33.93816","-118.3866","29.7","LOS ANGELES INTERNATIONAL AIRPORT, CA US","  58.6","24","  40.5","24","1021.7","24","010.1","24","  9.8","24","  4.9","24"," 12.0"," 19.0","  69.1"," ","  46.9"," "," 0.00","G","999.9","000000"
"72295023174","2020-12-14","33.93816","-118.3866","29.7","LOS ANGELES INTERNATIONAL AIRPORT, CA US","  59.5","24","  43.7","24","1019.5","22","007.6","24"," 10.0","24","  9.8","24"," 17.1"," 25.1","  69.1"," ","  48.9"," "," 0.00","G","999.9","000000"
"72295023174","2020-12-15","33.93816","-118.3866","29.7","LOS ANGELES INTERNATIONAL AIRPORT, CA US","  57.0","24","  29.2","24","1020.3","24","008.7","24"," 10.0","24","  5.6","24"," 12.0"," 17.1","  68.0"," ","  46.0"," "," 0.00","G","999.9","000000"
"72295023174","2020-12-16","33.93816","-118.3866","29.7","LOS ANGELES INTERNATIONAL AIRPORT, CA US","  58.4","24","  28.4","24","1021.0","24","009.1","24"," 10.0","24","  4.5","24"," 12.0","999.9","  71.1"," ","  46.0"," "," 0.00","G","999.9","000000"
"72295023174","2020-12-17","33.93816","-118.3866","29.7","LOS ANGELES INTERNATIONAL AIRPORT, CA US","  56.0","24","  43.3","24","1016.8","24","004.9","24","  9.9","24","  4.6","24"," 14.0"," 19.0","  71.1"," ","  48.9"," "," 0.00","G","999.9","010000"
"72295023174","2020-12-18","33.93816","-118.3866","29.7","LOS ANGELES INTERNATIONAL AIRPORT, CA US","  56.3","24","  43.9","24","1018.1","23","006.5","24","  9.9","24","  6.3","24"," 15.0"," 22.0","  64.9"," ","  48.0"," "," 0.01","G","999.9","000000"
"72295023174","2020-12-19","33.93816","-118.3866","29.7","LOS ANGELES INTERNATIONAL AIRPORT, CA US","  57.2","24","  35.9","24","1024.0","24","012.2","24"," 10.0","24","  3.3","24"," 12.0","999.9","  70.0"," ","  46.0"," "," 0.00","G","999.9","000000"
"72295023174","2020-12-20","33.93816","-118.3866","29.7","LOS ANGELES INTERNATIONAL AIRPORT, CA US","  59.6","24","  30.3","24","1021.9","24","009.9","24"," 10.0","24","  5.1","24","  8.9","999.9","  77.0"," ","  46.0"," "," 0.00","G","999.9","000000"
"72295023174","2020-12-21","33.93816","-118.3866","29.7","LOS ANGELES INTERNATIONAL AIRPORT, CA US","  62.8","24","  27.3","24","1016.0","24","004.1","24"," 10.0","24","  5.0","24"," 12.0","999.9","  80.1"," ","  48.0"," "," 0.00","G","999.9","000000"
"72295023174","2020-12-22","33.93816","-118.3866","29.7","LOS ANGELES INTERNATIONAL AIRPORT, CA US","  58.7","24","  46.5","24","1016.3","22","004.7","24","  8.6","24","  4.7","24","  8.9","999.9","  80.1"," ","  50.0"," "," 0.00","G","999.9","100000"
"72295023174","2020-12-23","33.93816","-118.3866","29.7","LOS ANGELES INTERNATIONAL AIRPORT, CA US","  55.6","24","  48.4","24","1019.5","24","007.8","24","  6.2","24","  4.1","24","  8.9","999.9","  68.0"," ","  48.9"," "," 0.00","G","999.9","000000"
"72295023174","2020-12-24","33.93816","-118.3866","29.7","LOS ANGELES INTERNATIONAL AIRPORT, CA US","  60.2","24","  19.6","24","1023.3","24","011.5","24","  9.6","24","  5.2","24","  8.9","999.9","  66.9"," ","  48.9"," "," 0.00","G","999.9","010000"
"72295023174","2020-12-25","33.93816","-118.3866","29.7","LOS ANGELES INTERNATIONAL AIRPORT, CA US","  59.5","24","  30.8","24","1020.4","24","008.6","24"," 10.0","24","  5.7","24"," 14.0","999.9","  75.0"," ","  48.9"," "," 0.01","G","999.9","000000"
"72295023174","2020-12-26","33.93816","-118.3866","29.7","LOS ANGELES INTERNATIONAL AIRPORT, CA US","  55.8","24","  44.0","24","1020.1","24","008.4","24","  9.8","24","  4.4","24"," 11.1","999.9","  75.0"," ","  45.0"," "," 0.00","G","999.9","000000"
"72295023174","2020-12-27","33.93816","-118.3866","29.7","LOS ANGELES INTERNATIONAL AIRPORT, CA US","  56.7","24","  50.5","24","1016.0","22","004.3","24","  8.5","24","  3.9","24"," 15.9","999.9","  64.9"," ","  45.0"," "," 0.00","G","999.9","100000"
"72295023174","2020-12-28","33.93816","-118.3866","29.7","LOS ANGELES INTERNATIONAL AIRPORT, CA US","  52.7","24","  47.5","24","1012.1","12","000.2","24","  7.8","24","  6.7","24"," 18.1"," 32.1","  64.0"," ","  46.0"," "," 0.33","G","999.9","010010"
"72295023174","2020-12-29","33.93816","-118.3866","29.7","LOS ANGELES INTERNATIONAL AIRPORT, CA US","  49.5","24","  39.4","24","1016.8","24","005.0","24","  9.7","24","  6.1","24"," 18.1"," 25.1","  64.9"," ","  42.1"," "," 1.29","G","999.9","010000"
"72295023174","2020-12-30","33.93816","-118.3866","29.7","LOS ANGELES INTERNATIONAL AIRPORT, CA US","  55.7","24","  30.4","24","1022.4","24","010.6","24"," 10.0","24","  4.7","24"," 11.1","999.9","  68.0"," ","  42.1"," "," 0.00","G","999.9","000000"
"72295023174","2020-12-31","33.93816","-118.3866","29.7","LOS ANGELES INTERNATIONAL AIRPORT, CA US","  54.4","24","  38.6","24","1017.3","23","005.3","24"," 10.0","24","  4.9","24"," 15.9"," 24.1","  68.0"," ","  43.0"," "," 0.00","G","999.9","000000"
